ὁ	2914	0.14244513
καί	1062	0.05191377
δέ	591	0.028889867
αὐτός	475	0.023219436
unknown	363	0.017744537
οὗτος	325	0.015886983
εἰμί	255	0.012465171
μέν	247	0.012074106
περί	233	0.0113897445
γάρ	221	0.010803148
ἐγώ	211	0.010314317
οὐ	203	0.009923253
ἐν	183	0.008945594
τις	161	0.007870167
πᾶς	150	0.0073324535
εἰς	148	0.0072346875
παρά	141	0.006892506
ἀλλά	140	0.0068436232
πρός	131	0.0064036762
ὅς	127	0.006208144
ἄλλος	118	0.0057681967
πολύς	114	0.0055726646
ἐκ	114	0.0055726646
κατά	113	0.0055237818
ἐπί	113	0.0055237818
γίγνομαι	113	0.0055237818
ὅστις	106	0.0051816003
νόμος	105	0.0051327175
τε	94	0.004595004
ἐκεῖνος	93	0.004546121
θεός	91	0.004448355
ὡς	89	0.004350589
λέγω	89	0.004350589
ἄν	89	0.004350589
ὑπό	81	0.003959525
φημί	80	0.0039106417
διά	80	0.0039106417
μετά	79	0.0038617589
ἔχω	79	0.0038617589
εἰ	73	0.0035684607
ἠέ	72	0.0035195777
αἰγύπτιος	68	0.0033240456
πόλις	67	0.0032751625
βασιλεύς	67	0.0032751625
αἴγυπτος	67	0.0032751625
ἑαυτοῦ	65	0.0031773965
οὖν	64	0.0031285135
μή	60	0.0029329814
ἰουδαῖος	60	0.0029329814
οὐδέ	58	0.0028352153
γράφω	58	0.0028352153
τίς	57	0.0027863323
ἀπό	56	0.0027374492
πρότερος	55	0.0026885662
οὔτε	55	0.0026885662
ἄνθρωπος	55	0.0026885662
ποιέω	53	0.0025908002
οὕτως	51	0.0024930341
ἕ	51	0.0024930341
ἅπας	50	0.002444151
μόνος	47	0.002297502
ἕλλην	46	0.002248619
ἡμέτερος	45	0.002199736
ἔτης	44	0.002150853
γένος	43	0.00210197
μήτε	41	0.0020042039
λόγος	40	0.0019553208
χρόνος	39	0.0019064379
χώρα	38	0.0018575549
ἱερά	37	0.0018086719
νομίζω	36	0.0017597888
μάλιστα	36	0.0017597888
τοιοῦτος	35	0.0017109058
δή	35	0.0017109058
ἀνήρ	35	0.0017109058
οὐδείς	33	0.0016131398
δέω	33	0.0016131398
μείς	32	0.0015642567
καλέω	32	0.0015642567
τόπος	30	0.0014664907
μυριάς	30	0.0014664907
ἕτερος	30	0.0014664907
βούλομαι	30	0.0014664907
ἀρχή	30	0.0014664907
εἶπον	29	0.0014176077
δοκέω	29	0.0014176077
γράμμα	29	0.0014176077
παρέχω	28	0.0013687246
ὄνομα	28	0.0013687246
μέγας	28	0.0013687246
λαμβάνω	28	0.0013687246
γε	28	0.0013687246
τοίνυν	27	0.0013198416
πλῆθος	27	0.0013198416
πάλιν	27	0.0013198416
μηδείς	27	0.0013198416
ἱστορία	27	0.0013198416
ἐρῶ	27	0.0013198416
πῶς	26	0.0012709586
βίος	26	0.0012709586
βασιλεύω	26	0.0012709586
πράσσω	25	0.0012220755
οἴομαι	25	0.0012220755
ἀναγραφή	25	0.0012220755
ὁμολογέω	24	0.0011731925
νῦν	24	0.0011731925
νομοθέτης	24	0.0011731925
ναός	24	0.0011731925
εἶτα	24	0.0011731925
τοσοῦτος	23	0.0011243095
δέομαι	23	0.0011243095
βασιλεία	23	0.0011243095
μηδέ	22	0.0010754265
ἔργον	22	0.0010754265
δίδωμι	22	0.0010754265
τρόπος	21	0.0010265434
σύριος	21	0.0010265434
θαυμάζω	21	0.0010265434
ἡμέρα	21	0.0010265434
εἷς	21	0.0010265434
φαίνω	20	9.78E-04
πόλεμος	20	9.78E-04
μέχρι	20	9.78E-04
θέα	20	9.78E-04
ἔτος	20	9.78E-04
ἔθνος	20	9.78E-04
ἀρχαῖος	20	9.78E-04
ἀλλήλων	20	9.78E-04
ἀληθής	20	9.78E-04
ἀίω	20	9.78E-04
χράω	19	9.29E-04
φοῖνιξ	19	9.29E-04
συγγράφω	19	9.29E-04
πλεῖστος	19	9.29E-04
πατήρ	19	9.29E-04
ὅσος	19	9.29E-04
κατοικέω	19	9.29E-04
ἐπεί	19	9.29E-04
διαφέρω	19	9.29E-04
δῆλος	19	9.29E-04
ἀλήθεια	19	9.29E-04
ἀεί	19	9.29E-04
ἄπιος	19	9.29E-04
ὥσπερ	18	8.80E-04
φυλάσσω	18	8.80E-04
υἱός	18	8.80E-04
ποιμήν	18	8.80E-04
πιστεύω	18	8.80E-04
ἕκαστος	18	8.80E-04
δύναμις	18	8.80E-04
γυνή	18	8.80E-04
γιγνώσκω	18	8.80E-04
προστίθημι	17	8.31E-04
πολιτεία	17	8.31E-04
μήν	17	8.31E-04
κρατέω	17	8.31E-04
ἵνα	17	8.31E-04
θάνατος	17	8.31E-04
δύναμαι	17	8.31E-04
ἀξιόω	17	8.31E-04
συντίθημι	16	7.82E-04
συμβαίνω	16	7.82E-04
προερέω	16	7.82E-04
ὅμοιος	16	7.82E-04
ὅλος	16	7.82E-04
μάρτυς	16	7.82E-04
ἱερεύς	16	7.82E-04
ἐλέγχω	16	7.82E-04
βιβλίον	16	7.82E-04
βιάω	16	7.82E-04
ἄρχω	16	7.82E-04
ὑπέρ	15	7.33E-04
πρόγονος	15	7.33E-04
πάτριος	15	7.33E-04
μέντοι	15	7.33E-04
λοιδορέω	15	7.33E-04
εὑρίσκω	15	7.33E-04
δίκαιος	15	7.33E-04
χράομαι	14	6.84E-04
χαλδαῖος	14	6.84E-04
φύσις	14	6.84E-04
ὑπολαμβάνω	14	6.84E-04
πρέσβυς	14	6.84E-04
πείθω	14	6.84E-04
οἷος	14	6.84E-04
ὁράω	14	6.84E-04
καταλιμπάνω	14	6.84E-04
καλός	14	6.84E-04
ζώιον	14	6.84E-04
εὐσέβεια	14	6.84E-04
ἔτι	14	6.84E-04
ψεύδω	13	6.35E-04
ὑπομένω	13	6.35E-04
ὕστερος	13	6.35E-04
τότε	13	6.35E-04
πτολεμαῖος	13	6.35E-04
πρᾶξις	13	6.35E-04
πρᾶγμα	13	6.35E-04
ὀλίγος	13	6.35E-04
κοινός	13	6.35E-04
κατηγορέω	13	6.35E-04
κακός	13	6.35E-04
εἴκοσι	13	6.35E-04
ἐπιχειρέω	13	6.35E-04
ἔρχομαι	13	6.35E-04
ἔθος	13	6.35E-04
ἀρχαιότης	13	6.35E-04
ἀρετή	13	6.35E-04
ἀναιρέω	13	6.35E-04
φεύγω	12	5.87E-04
τολμάω	12	5.87E-04
τεκμήριον	12	5.87E-04
σῶμα	12	5.87E-04
συγγραφεύς	12	5.87E-04
ῥᾴδιος	12	5.87E-04
πρό	12	5.87E-04
πέρσης	12	5.87E-04
οἶδα	12	5.87E-04
μέλλω	12	5.87E-04
λοιπός	12	5.87E-04
λέπρα	12	5.87E-04
καίτοι	12	5.87E-04
κἀν	12	5.87E-04
ἤδη	12	5.87E-04
εὐθύς	12	5.87E-04
εἶδον	12	5.87E-04
ἐντυγχάνω	12	5.87E-04
δύο	12	5.87E-04
γῆ	12	5.87E-04
αἰχμάλωτος	12	5.87E-04
αἰτία	12	5.87E-04
ἀπέχω	12	5.87E-04
ἀδελφός	12	5.87E-04
χάρις	11	5.38E-04
τιμή	11	5.38E-04
σχεδόν	11	5.38E-04
συμφορά	11	5.38E-04
σοφία	11	5.38E-04
οἰκεῖος	11	5.38E-04
μᾶλλον	11	5.38E-04
καθίστημι	11	5.38E-04
ἱστορέω	11	5.38E-04
ἱκανός	11	5.38E-04
ἐθέλω	11	5.38E-04
ἔται	11	5.38E-04
βαβυλών	11	5.38E-04
ἀλέξανδρος	11	5.38E-04
ἀγνοέω	11	5.38E-04
ὥστε	10	4.89E-04
φρονέω	10	4.89E-04
φίλος	10	4.89E-04
φαῦλος	10	4.89E-04
τυγχάνω	10	4.89E-04
τίθημι	10	4.89E-04
τελευτάω	10	4.89E-04
τέσσαρες	10	4.89E-04
πολλάκις	10	4.89E-04
πολέμιος	10	4.89E-04
πειράω	10	4.89E-04
πέμπω	10	4.89E-04
παραλείπω	10	4.89E-04
παλαιός	10	4.89E-04
ὀνομάζω	10	4.89E-04
μνημονεύω	10	4.89E-04
μνήμη	10	4.89E-04
μικρός	10	4.89E-04
μέρος	10	4.89E-04
μανθάνω	10	4.89E-04
μάχη	10	4.89E-04
λίαν	10	4.89E-04
ἱερόν	10	4.89E-04
ἴδιος	10	4.89E-04
θύω	10	4.89E-04
ἑλληνικός	10	4.89E-04
ἐρῆμος	10	4.89E-04
ἐπιδείκνυμι	10	4.89E-04
ἐναντίον	10	4.89E-04
ἐμμένω	10	4.89E-04
διδάσκω	10	4.89E-04
δηλόω	10	4.89E-04
γοῦν	10	4.89E-04
αἰθιόπιος	10	4.89E-04
ἀλεξανδρεία	10	4.89E-04
ἀκριβής	10	4.89E-04
ἄξιος	10	4.89E-04
φανερός	9	4.40E-04
τύριος	9	4.40E-04
σώζω	9	4.40E-04
πίστις	9	4.40E-04
πατρίς	9	4.40E-04
πάσχω	9	4.40E-04
οἰκοδομέω	9	4.40E-04
οἰκέω	9	4.40E-04
νόμιμος	9	4.40E-04
μετέχω	9	4.40E-04
λακεδαιμόνιος	9	4.40E-04
κῦρος	9	4.40E-04
κελεύω	9	4.40E-04
κατασκευάζω	9	4.40E-04
θαυμαστός	9	4.40E-04
ἕνος	9	4.40E-04
ἐπιμελής	9	4.40E-04
ἐπιμέλεια	9	4.40E-04
ἐοικότως	9	4.40E-04
ἐκβάλλω	9	4.40E-04
δόξα	9	4.40E-04
δεύτερος	9	4.40E-04
βασίλη	9	4.40E-04
ψευδής	8	3.91E-04
χρή	8	3.91E-04
φιλοσοφέω	8	3.91E-04
τεῖχος	8	3.91E-04
τέχνη	8	3.91E-04
προαιρέω	8	3.91E-04
παρατίθημι	8	3.91E-04
παραδίδωμι	8	3.91E-04
πάλαι	8	3.91E-04
ὅπως	8	3.91E-04
ὀκτώ	8	3.91E-04
νομοθετέω	8	3.91E-04
νικάω	8	3.91E-04
μιαρός	8	3.91E-04
μαρτυρέω	8	3.91E-04
μάντις	8	3.91E-04
κοινωνία	8	3.91E-04
κατασκευή	8	3.91E-04
καρχηδών	8	3.91E-04
καινός	8	3.91E-04
θάλασσα	8	3.91E-04
ζάω	8	3.91E-04
ἐφίστημι	8	3.91E-04
ἐπέρχομαι	8	3.91E-04
γενναῖος	8	3.91E-04
βίβλος	8	3.91E-04
βαβυλώνιοι	8	3.91E-04
ἀπέρχομαι	8	3.91E-04
ἀκριβῶς	8	3.91E-04
ἀθήναια	8	3.91E-04
ἄριστος	8	3.91E-04
ἄλογος	8	3.91E-04
ἄγνοια	8	3.91E-04
ψυχή	7	3.42E-04
φοινίκη	7	3.42E-04
φιλόσοφος	7	3.42E-04
πολίτης	7	3.42E-04
πλείων	7	3.42E-04
παραβαίνω	7	3.42E-04
παραβάλλω	7	3.42E-04
πάντως	7	3.42E-04
ὅρκος	7	3.42E-04
ὅπου	7	3.42E-04
ὄρος	7	3.42E-04
νέος	7	3.42E-04
μιμνήσκω	7	3.42E-04
μιμέομαι	7	3.42E-04
μετατίθημι	7	3.42E-04
μακρός	7	3.42E-04
λύω	7	3.42E-04
καταγιγνώσκω	7	3.42E-04
καθά	7	3.42E-04
ἡγεμών	7	3.42E-04
ἑκαταῖος	7	3.42E-04
ἕξ	7	3.42E-04
ἐτάζω	7	3.42E-04
ἐρημόω	7	3.42E-04
ἐξουσία	7	3.42E-04
ἐναντίος	7	3.42E-04
ἔοικα	7	3.42E-04
ἔνιοι	7	3.42E-04
δουλεύω	7	3.42E-04
διέρχομαι	7	3.42E-04
διαφυλάσσω	7	3.42E-04
δεινός	7	3.42E-04
αὖ	7	3.42E-04
ἅμα	7	3.42E-04
ἀρχαιολογία	7	3.42E-04
ἀποθνήσκω	7	3.42E-04
ἀνατολή	7	3.42E-04
ἀναγκαῖος	7	3.42E-04
ἄσιος	7	3.42E-04
ἄνω	7	3.42E-04
χρῆμα	6	2.93E-04
χαιρήμων	6	2.93E-04
χαίρω	6	2.93E-04
φιλανθρωπία	6	2.93E-04
φάσκω	6	2.93E-04
ὕδωρ	6	2.93E-04
τριάκοντα	6	2.93E-04
τρέω	6	2.93E-04
σφόδρα	6	2.93E-04
σύμφωνος	6	2.93E-04
σοφός	6	2.93E-04
σαφής	6	2.93E-04
πυνθάνομαι	6	2.93E-04
πυθαγόρας	6	2.93E-04
προφήτης	6	2.93E-04
προσφέρω	6	2.93E-04
προστάσσω	6	2.93E-04
προσηγορία	6	2.93E-04
προάγω	6	2.93E-04
πολίτευμα	6	2.93E-04
πλέως	6	2.93E-04
πλέος	6	2.93E-04
πλάτων	6	2.93E-04
περιτέμνω	6	2.93E-04
περιέχω	6	2.93E-04
παραλαμβάνω	6	2.93E-04
παραθέω	6	2.93E-04
παραγίγνομαι	6	2.93E-04
παράδοσις	6	2.93E-04
παιδεία	6	2.93E-04
οὐκοῦν	6	2.93E-04
ὁδός	6	2.93E-04
ὀνειδίζω	6	2.93E-04
ὄμνυμι	6	2.93E-04
μεταξύ	6	2.93E-04
μαρτυρία	6	2.93E-04
λωβάομαι	6	2.93E-04
λαός	6	2.93E-04
κωλύω	6	2.93E-04
κτίζω	6	2.93E-04
κράτος	6	2.93E-04
κατηγορία	6	2.93E-04
κατέχω	6	2.93E-04
καταψεύδομαι	6	2.93E-04
καθαρός	6	2.93E-04
θαυμάσιος	6	2.93E-04
ἥλιος	6	2.93E-04
ἕβδομος	6	2.93E-04
ἐπιτρέπω	6	2.93E-04
ἐπιτήδευμα	6	2.93E-04
ἐπιτήδειος	6	2.93E-04
ἐπιθυμία	6	2.93E-04
ἐπιθυμέω	6	2.93E-04
ἐπιβουλεύω	6	2.93E-04
ἐκεῖθεν	6	2.93E-04
ἐάν	6	2.93E-04
ἔπειτα	6	2.93E-04
ἔξωθεν	6	2.93E-04
δῶρον	6	2.93E-04
δώδεκα	6	2.93E-04
δημήτριος	6	2.93E-04
γνώριμος	6	2.93E-04
βλασφημία	6	2.93E-04
βαδίζω	6	2.93E-04
βάρβαρος	6	2.93E-04
αἰγυπτιακός	6	2.93E-04
ἀριθμός	6	2.93E-04
ἀποφαίνω	6	2.93E-04
ἀπολλώνιος	6	2.93E-04
ἀποδείκνυμι	6	2.93E-04
ἀπίθανος	6	2.93E-04
ἀπεῖπον	6	2.93E-04
ἀναγράφω	6	2.93E-04
ἆρα	6	2.93E-04
ἄρσην	6	2.93E-04
χείρων	5	2.44E-04
φοβέω	5	2.44E-04
φόβος	5	2.44E-04
φιλοσοφία	5	2.44E-04
φιλία	5	2.44E-04
φθορά	5	2.44E-04
φέρω	5	2.44E-04
ὑποσχέθω	5	2.44E-04
ὑπάρχω	5	2.44E-04
τρίτος	5	2.44E-04
τοιγάρ	5	2.44E-04
τεσσαράκοντα	5	2.44E-04
τελευτή	5	2.44E-04
τέκνον	5	2.44E-04
τάξις	5	2.44E-04
συνάγω	5	2.44E-04
συμφωνέω	5	2.44E-04
συμβάλλω	5	2.44E-04
σύγγραμμα	5	2.44E-04
προτίθημι	5	2.44E-04
προσαγορεύω	5	2.44E-04
προεῖπον	5	2.44E-04
ποτέ	5	2.44E-04
πολιορκία	5	2.44E-04
πολεμέω	5	2.44E-04
ποιητής	5	2.44E-04
πλήν	5	2.44E-04
πηλούσιον	5	2.44E-04
ὁρμάω	5	2.44E-04
ὁποῖος	5	2.44E-04
ὅσπερ	5	2.44E-04
ὅδε	5	2.44E-04
μεταπέμπω	5	2.44E-04
μέρα	5	2.44E-04
μακεδών	5	2.44E-04
μάχομαι	5	2.44E-04
λυσίμαχος	5	2.44E-04
λιθοτομία	5	2.44E-04
λεπρός	5	2.44E-04
λάγος	5	2.44E-04
κτίσις	5	2.44E-04
καταστρέφω	5	2.44E-04
κατασκάπτω	5	2.44E-04
καρτερία	5	2.44E-04
ἴσως	5	2.44E-04
θυσία	5	2.44E-04
θεραπεία	5	2.44E-04
θεῖος	5	2.44E-04
ἡρόδοτος	5	2.44E-04
ἡγέομαι	5	2.44E-04
ἥκω	5	2.44E-04
ζημία	5	2.44E-04
ζηλέω	5	2.44E-04
ἕνεκα	5	2.44E-04
ἐργάζομαι	5	2.44E-04
ἐπικαλέω	5	2.44E-04
ἐξετάζω	5	2.44E-04
ἐξελαύνω	5	2.44E-04
ἐνύπνιον	5	2.44E-04
ἐννέα	5	2.44E-04
ἐκφέρω	5	2.44E-04
ἐκμανθάνω	5	2.44E-04
ἐκεῖ	5	2.44E-04
ἐγχειρίζω	5	2.44E-04
ἔφοδος	5	2.44E-04
δυσμένεια	5	2.44E-04
διοικέω	5	2.44E-04
διαφθείρω	5	2.44E-04
διατελέω	5	2.44E-04
διαδέχομαι	5	2.44E-04
διάδοχος	5	2.44E-04
δίαιτα	5	2.44E-04
δημόσιος	5	2.44E-04
γραμματικός	5	2.44E-04
γένεσις	5	2.44E-04
γάμος	5	2.44E-04
βωμός	5	2.44E-04
βραχύς	5	2.44E-04
βλασφημέω	5	2.44E-04
βέβαιος	5	2.44E-04
βαβυλώνιος	5	2.44E-04
ἀρχιερεύς	5	2.44E-04
ἀριστοτέλης	5	2.44E-04
ἀποδίδωμι	5	2.44E-04
ἀπόλλυμι	5	2.44E-04
ἀπαλλάσσω	5	2.44E-04
ἀνόητος	5	2.44E-04
ἀνδρεία	5	2.44E-04
ἀναστρέφω	5	2.44E-04
ἀλλότριος	5	2.44E-04
ἀλεξανδρεύς	5	2.44E-04
ἀκούω	5	2.44E-04
ἀδελφή	5	2.44E-04
ἀγαθός	5	2.44E-04
ἄρμα	5	2.44E-04
ἄρα	5	2.44E-04
ἄνοια	5	2.44E-04
ψεῦσμα	4	1.96E-04
χρύσεος	4	1.96E-04
χλευάζω	4	1.96E-04
χείρ	4	1.96E-04
φωνή	4	1.96E-04
φθονέω	4	1.96E-04
ὑποχείριος	4	1.96E-04
ὑπολείπω	4	1.96E-04
ὑπεναντίος	4	1.96E-04
τροφή	4	1.96E-04
τριακόσιοι	4	1.96E-04
τιμωρία	4	1.96E-04
τιμάω	4	1.96E-04
τίμαιος	4	1.96E-04
τάσσω	4	1.96E-04
σωφροσύνη	4	1.96E-04
σωτηρία	4	1.96E-04
συνίστημι	4	1.96E-04
συνήθεια	4	1.96E-04
συλλέγω	4	1.96E-04
συγχωρέω	4	1.96E-04
συγγένεια	4	1.96E-04
σύντομος	4	1.96E-04
σύ	4	1.96E-04
στρατός	4	1.96E-04
στρατόπεδον	4	1.96E-04
στρατεύω	4	1.96E-04
στρατεία	4	1.96E-04
σπουδάζω	4	1.96E-04
σάββατον	4	1.96E-04
προσήκω	4	1.96E-04
προσέχω	4	1.96E-04
προσέτι	4	1.96E-04
προνοοῦμαι	4	1.96E-04
προαίρεσις	4	1.96E-04
πρόφασις	4	1.96E-04
πρόσειμι	4	1.96E-04
πού	4	1.96E-04
ποτός	4	1.96E-04
ποταμός	4	1.96E-04
πονηρός	4	1.96E-04
πολυτέλεια	4	1.96E-04
πλεονεξία	4	1.96E-04
πεντήκοντα	4	1.96E-04
πεντακόσιοι	4	1.96E-04
πέντε	4	1.96E-04
παῖς	4	1.96E-04
πάρειμι	4	1.96E-04
πάνυ	4	1.96E-04
πάθος	4	1.96E-04
οὐρανός	4	1.96E-04
οἰκουμένη	4	1.96E-04
ὁρίζω	4	1.96E-04
ὅτε	4	1.96E-04
ὅμως	4	1.96E-04
ὅμηρος	4	1.96E-04
ὀχυρός	4	1.96E-04
ὀκνέω	4	1.96E-04
ξένος	4	1.96E-04
νύξ	4	1.96E-04
μυρίος	4	1.96E-04
μορφή	4	1.96E-04
μόλος	4	1.96E-04
μόλις	4	1.96E-04
μισέω	4	1.96E-04
μίξις	4	1.96E-04
μεταβολή	4	1.96E-04
μεταβάλλω	4	1.96E-04
μένω	4	1.96E-04
μέγεθος	4	1.96E-04
κώμη	4	1.96E-04
κύριος	4	1.96E-04
κοσμέω	4	1.96E-04
κοινῇ	4	1.96E-04
κατορθόω	4	1.96E-04
κατήγορος	4	1.96E-04
καταφρονέω	4	1.96E-04
κακοπαθέω	4	1.96E-04
κάλλος	4	1.96E-04
ἱερός	4	1.96E-04
ἵστημι	4	1.96E-04
ἰώσηπος	4	1.96E-04
ἰσχύω	4	1.96E-04
θνήσκω	4	1.96E-04
ἡλικία	4	1.96E-04
ἦθος	4	1.96E-04
ζῆλος	4	1.96E-04
εὐνοέω	4	1.96E-04
εἰσάγω	4	1.96E-04
εἴτε	4	1.96E-04
εἴπερ	4	1.96E-04
ἑλλάς	4	1.96E-04
ἑκατόν	4	1.96E-04
ἐφίζω	4	1.96E-04
ἐπιτυγχάνω	4	1.96E-04
ἐπιτάσσω	4	1.96E-04
ἐπινοέω	4	1.96E-04
ἐξέρχομαι	4	1.96E-04
ἐμποιέω	4	1.96E-04
ἐμπίμπρημι	4	1.96E-04
ἐμβάλλω	4	1.96E-04
ἐκτίνω	4	1.96E-04
ἐκπίτνω	4	1.96E-04
ἐθίζω	4	1.96E-04
ἔπειμι	4	1.96E-04
ἔνειμι	4	1.96E-04
δυνατός	4	1.96E-04
διαφωνία	4	1.96E-04
διαμαρτάνω	4	1.96E-04
διάλεκτος	4	1.96E-04
δεσπότης	4	1.96E-04
δείκνυμι	4	1.96E-04
δέκα	4	1.96E-04
δαναός	4	1.96E-04
γνώμη	4	1.96E-04
γαμέω	4	1.96E-04
γάζα	4	1.96E-04
βούλησις	4	1.96E-04
βλέπω	4	1.96E-04
αἱρέω	4	1.96E-04
αἰών	4	1.96E-04
αἴτιος	4	1.96E-04
ἁγνεία	4	1.96E-04
ἀφίστημι	4	1.96E-04
ἀφαιρέω	4	1.96E-04
ἀρκέω	4	1.96E-04
ἀποκτείνω	4	1.96E-04
ἀπιστέω	4	1.96E-04
ἀνατίθημι	4	1.96E-04
ἀναμίγνυμι	4	1.96E-04
ἀναγκάζω	4	1.96E-04
ἀνάθημα	4	1.96E-04
ἀνάγω	4	1.96E-04
ἀνάγκη	4	1.96E-04
ἀλλόφυλος	4	1.96E-04
ἀκρίβεια	4	1.96E-04
ἀκολουθέω	4	1.96E-04
ἀκέω	4	1.96E-04
ἀδύνατος	4	1.96E-04
ἄφιξις	4	1.96E-04
ἄδικος	4	1.96E-04
ἄγω	4	1.96E-04
ψευδολογία	3	1.47E-04
χωρέω	3	1.47E-04
χρυσός	3	1.47E-04
χρῆσις	3	1.47E-04
χίλιοι	3	1.47E-04
χαρίζομαι	3	1.47E-04
φυλακή	3	1.47E-04
φυγή	3	1.47E-04
φθόνος	3	1.47E-04
ὑπόθεσις	3	1.47E-04
ὑπακούω	3	1.47E-04
ὕλη	3	1.47E-04
τυφλός	3	1.47E-04
τύχη	3	1.47E-04
τύρος	3	1.47E-04
τροφεύς	3	1.47E-04
τρέπω	3	1.47E-04
τίτος	3	1.47E-04
τέμνω	3	1.47E-04
τέλος	3	1.47E-04
ταυτός	3	1.47E-04
τάλαντον	3	1.47E-04
σωκράτης	3	1.47E-04
συντάσσω	3	1.47E-04
συνάπτω	3	1.47E-04
συλλαμβάνω	3	1.47E-04
συγχέω	3	1.47E-04
σύρος	3	1.47E-04
σύν	3	1.47E-04
σύμπας	3	1.47E-04
σύμμετρος	3	1.47E-04
σύμβουλος	3	1.47E-04
σύγκειμαι	3	1.47E-04
σπουδή	3	1.47E-04
σημαίνω	3	1.47E-04
σατράπης	3	1.47E-04
ῥῆμα	3	1.47E-04
ῥάιος	3	1.47E-04
πύθω	3	1.47E-04
πρώιος	3	1.47E-04
προσποιέω	3	1.47E-04
προσεδρεύω	3	1.47E-04
προσέρχομαι	3	1.47E-04
προίστημι	3	1.47E-04
πρόσταγμα	3	1.47E-04
πρόνοια	3	1.47E-04
πρόκειμαι	3	1.47E-04
πρέπω	3	1.47E-04
πορεία	3	1.47E-04
πολιορκέω	3	1.47E-04
ποίησις	3	1.47E-04
πότερος	3	1.47E-04
πόνος	3	1.47E-04
πόθεν	3	1.47E-04
πλίνθον	3	1.47E-04
πλάσμα	3	1.47E-04
πίπτω	3	1.47E-04
πίνω	3	1.47E-04
πῆχυς	3	1.47E-04
περσικός	3	1.47E-04
περιοράω	3	1.47E-04
περιβάλλω	3	1.47E-04
περίβολος	3	1.47E-04
πειθαρχέω	3	1.47E-04
παύω	3	1.47E-04
πατρικός	3	1.47E-04
παρέρχομαι	3	1.47E-04
παρέκβασις	3	1.47E-04
παρατυγχάνω	3	1.47E-04
παρασκευή	3	1.47E-04
παρασκευάζω	3	1.47E-04
παρακολουθέω	3	1.47E-04
παρακαλέω	3	1.47E-04
παραδέχομαι	3	1.47E-04
παράλιον	3	1.47E-04
παράδοξος	3	1.47E-04
παντοῖος	3	1.47E-04
παντελής	3	1.47E-04
παντάπασι	3	1.47E-04
παιδεύω	3	1.47E-04
οἶκος	3	1.47E-04
ὅταν	3	1.47E-04
ὅσιος	3	1.47E-04
ὀρθός	3	1.47E-04
ὄχλος	3	1.47E-04
ὄρνις	3	1.47E-04
νόσημα	3	1.47E-04
μισθός	3	1.47E-04
μεταφέρω	3	1.47E-04
μειράκιον	3	1.47E-04
μέτριος	3	1.47E-04
μαθητής	3	1.47E-04
λοιδορία	3	1.47E-04
λιβύη	3	1.47E-04
λίμνη	3	1.47E-04
λίβανος	3	1.47E-04
λεπράω	3	1.47E-04
κρύπτω	3	1.47E-04
κρείσσων	3	1.47E-04
κοινωνέω	3	1.47E-04
κόσμος	3	1.47E-04
κόλχος	3	1.47E-04
κόλασις	3	1.47E-04
κλεοπάτρη	3	1.47E-04
κλέαρχος	3	1.47E-04
κεφαλή	3	1.47E-04
κεφαλαιώδης	3	1.47E-04
κεῖμαι	3	1.47E-04
κατοίκησις	3	1.47E-04
κατατίθημι	3	1.47E-04
καταριθμέω	3	1.47E-04
καταπίμπρημι	3	1.47E-04
καταγελάω	3	1.47E-04
κατάστασις	3	1.47E-04
καιρός	3	1.47E-04
κάνθων	3	1.47E-04
ἰσχυρός	3	1.47E-04
ἴβηρ	3	1.47E-04
θηρίον	3	1.47E-04
θεολογία	3	1.47E-04
ἡρακλέης	3	1.47E-04
ἡδονά	3	1.47E-04
ἡδέως	3	1.47E-04
ζεύς	3	1.47E-04
εὔχομαι	3	1.47E-04
εὔφημος	3	1.47E-04
εἰκάζω	3	1.47E-04
ἕως	3	1.47E-04
ἕνδεκα	3	1.47E-04
ἐχθρός	3	1.47E-04
ἐφοράω	3	1.47E-04
ἐπιχώριος	3	1.47E-04
ἐπιστρατεύω	3	1.47E-04
ἐπιείκεια	3	1.47E-04
ἐπαφρόδιτος	3	1.47E-04
ἐξελέγχω	3	1.47E-04
ἐξάγω	3	1.47E-04
ἐνταῦθα	3	1.47E-04
ἐναργής	3	1.47E-04
ἐμπορία	3	1.47E-04
ἐγκαλέω	3	1.47E-04
ἔχθρα	3	1.47E-04
ἔφορος	3	1.47E-04
ἔξω	3	1.47E-04
ἔξοδος	3	1.47E-04
ἔμπαλιν	3	1.47E-04
δοκάζω	3	1.47E-04
διόπερ	3	1.47E-04
δικαστής	3	1.47E-04
δικαιοσύνη	3	1.47E-04
διίστημι	3	1.47E-04
διδάσκαλος	3	1.47E-04
διαφωνέω	3	1.47E-04
διαφορά	3	1.47E-04
διατρίβω	3	1.47E-04
διατίθημι	3	1.47E-04
διασῴζω	3	1.47E-04
διανοέομαι	3	1.47E-04
διαμένω	3	1.47E-04
διαβάλλω	3	1.47E-04
διάκειμαι	3	1.47E-04
δίκη	3	1.47E-04
δέχομαι	3	1.47E-04
γονεύς	3	1.47E-04
γνῶσις	3	1.47E-04
γλῶσσα	3	1.47E-04
γέρας	3	1.47E-04
βυθίζω	3	1.47E-04
βουβών	3	1.47E-04
βιάζω	3	1.47E-04
βασιλικός	3	1.47E-04
βασίλειον	3	1.47E-04
αὐτάρκης	3	1.47E-04
αἰθίοψ	3	1.47E-04
αἴρω	3	1.47E-04
ἁρμόζω	3	1.47E-04
ἅτε	3	1.47E-04
ἅπτω	3	1.47E-04
ἀφανίζω	3	1.47E-04
ἀσσύριοι	3	1.47E-04
ἀσκέω	3	1.47E-04
ἀσέβεια	3	1.47E-04
ἀρχηγός	3	1.47E-04
ἀργία	3	1.47E-04
ἀπολείπω	3	1.47E-04
ἀπολαύω	3	1.47E-04
ἀπέχθεια	3	1.47E-04
ἀπατεών	3	1.47E-04
ἀπαραίτητος	3	1.47E-04
ἀπαντάω	3	1.47E-04
ἀπαιδευσία	3	1.47E-04
ἀξιόπιστος	3	1.47E-04
ἀντιποιέω	3	1.47E-04
ἀντίοχος	3	1.47E-04
ἀντί	3	1.47E-04
ἀνίστημι	3	1.47E-04
ἀνδρεῖος	3	1.47E-04
ἀναφέρω	3	1.47E-04
ἀναίσχυντος	3	1.47E-04
ἀναγιγνώσκω	3	1.47E-04
ἀμφότερος	3	1.47E-04
ἀμετακίνητος	3	1.47E-04
ἀμέλει	3	1.47E-04
ἀκουσίλαος	3	1.47E-04
ἀθρόος	3	1.47E-04
ἀδικία	3	1.47E-04
ἀγαθαρχίδης	3	1.47E-04
ἄχρι	3	1.47E-04
ἄργος	3	1.47E-04
ἄνωθεν	3	1.47E-04
ἄνυδρος	3	1.47E-04
ἄμφω	3	1.47E-04
ὦ	2	9.78E-05
ψωρός	2	9.78E-05
ψώρα	2	9.78E-05
ψυχρός	2	9.78E-05
ψάμμος	2	9.78E-05
χρησμός	2	9.78E-05
χοιρίλος	2	9.78E-05
χειρόω	2	9.78E-05
φρόνησις	2	9.78E-05
φόνος	2	9.78E-05
φιλομήτωρ	2	9.78E-05
φθέγγομαι	2	9.78E-05
φαληρεύς	2	9.78E-05
φάος	2	9.78E-05
ὑφοράω	2	9.78E-05
ὑποτίθημι	2	9.78E-05
ὑποστρέφω	2	9.78E-05
ὑποκαταβαίνω	2	9.78E-05
ὑπογράφω	2	9.78E-05
ὑποβάλλω	2	9.78E-05
ὑπόκειμαι	2	9.78E-05
ὑγιής	2	9.78E-05
ὑβρίζω	2	9.78E-05
ὕψος	2	9.78E-05
ὕβρις	2	9.78E-05
τυφόω	2	9.78E-05
τυραννίς	2	9.78E-05
τρεῖς	2	9.78E-05
τρέφω	2	9.78E-05
τεσσαρεσκαιδέκατος	2	9.78E-05
τελευταῖος	2	9.78E-05
τελετή	2	9.78E-05
τειχίζω	2	9.78E-05
τάχα	2	9.78E-05
σχολή	2	9.78E-05
σχεδιάζω	2	9.78E-05
σχέθω	2	9.78E-05
σφάζω	2	9.78E-05
συχνός	2	9.78E-05
συστρατεύω	2	9.78E-05
συντελέω	2	9.78E-05
συνουσία	2	9.78E-05
συνόμνυμι	2	9.78E-05
συνίημι	2	9.78E-05
συνήκω	2	9.78E-05
συναθροίζω	2	9.78E-05
συμφωνία	2	9.78E-05
συμπολεμέω	2	9.78E-05
συμμαχέω	2	9.78E-05
συμβουλεύω	2	9.78E-05
συλάω	2	9.78E-05
συγκλείω	2	9.78E-05
συγγιγνώσκω	2	9.78E-05
συγγίγνομαι	2	9.78E-05
σύνειμι	2	9.78E-05
σύνεῖδον	2	9.78E-05
σύμφορος	2	9.78E-05
σύμβασις	2	9.78E-05
στρατονίκη	2	9.78E-05
στρατιώτης	2	9.78E-05
στρατηγός	2	9.78E-05
στρατάω	2	9.78E-05
στάσις	2	9.78E-05
σπήλαιον	2	9.78E-05
σιωπάω	2	9.78E-05
σεμνύνω	2	9.78E-05
σεμνότης	2	9.78E-05
σεμνός	2	9.78E-05
σέλευκος	2	9.78E-05
ῥαίδιον	2	9.78E-05
πως	2	9.78E-05
πῦρ	2	9.78E-05
προφητεύω	2	9.78E-05
προυπάρχω	2	9.78E-05
προτιμάω	2	9.78E-05
προσστάζω	2	9.78E-05
προσμένω	2	9.78E-05
προσλαμβάνω	2	9.78E-05
προσκυνέω	2	9.78E-05
προσίημι	2	9.78E-05
προσδοκάω	2	9.78E-05
προσάπτω	2	9.78E-05
προοράω	2	9.78E-05
προκαταλαμβάνω	2	9.78E-05
προδίδωμι	2	9.78E-05
προγονικός	2	9.78E-05
προγιγνώσκω	2	9.78E-05
πρόσθεν	2	9.78E-05
πρόρρησις	2	9.78E-05
πρόθυμος	2	9.78E-05
πρόβλημα	2	9.78E-05
πραγματεία	2	9.78E-05
πρᾶος	2	9.78E-05
πονηρία	2	9.78E-05
πομπήιος	2	9.78E-05
ποιμαίνω	2	9.78E-05
ποῖος	2	9.78E-05
πόρω	2	9.78E-05
πλοῦτος	2	9.78E-05
πλατύς	2	9.78E-05
πλάσσω	2	9.78E-05
πιστός	2	9.78E-05
πικρός	2	9.78E-05
πιθανός	2	9.78E-05
περιφανής	2	9.78E-05
περιτυγχάνω	2	9.78E-05
περιτίθημι	2	9.78E-05
περιπίπτω	2	9.78E-05
περιπατέω	2	9.78E-05
περιουσία	2	9.78E-05
περίμετρον	2	9.78E-05
περίειμι	2	9.78E-05
πειθώ	2	9.78E-05
πεῖρα	2	9.78E-05
πέρας	2	9.78E-05
πέλαγος	2	9.78E-05
παρίστημι	2	9.78E-05
παρίημι	2	9.78E-05
παρέργως	2	9.78E-05
παρατρέπω	2	9.78E-05
παρατάσσω	2	9.78E-05
παρανομία	2	9.78E-05
παρακελεύομαι	2	9.78E-05
παραίτησις	2	9.78E-05
παράπαν	2	9.78E-05
παντοδαπός	2	9.78E-05
πανταχοῦ	2	9.78E-05
παμπολύς	2	9.78E-05
παλλακίς	2	9.78E-05
παίδευμα	2	9.78E-05
οὐράνιος	2	9.78E-05
οὐδαμός	2	9.78E-05
οἰκονομία	2	9.78E-05
οἰκειότης	2	9.78E-05
ὁτιοῦν	2	9.78E-05
ὁρκωμοτέω	2	9.78E-05
ὁπότε	2	9.78E-05
ὁμώνυμος	2	9.78E-05
ὁμολογία	2	9.78E-05
ὁμόνοια	2	9.78E-05
ὅρος	2	9.78E-05
ὅριον	2	9.78E-05
ὅπλον	2	9.78E-05
ὅθεν	2	9.78E-05
ὀψέ	2	9.78E-05
ὀχλαγωγός	2	9.78E-05
ὀργίζω	2	9.78E-05
ὀπτός	2	9.78E-05
ὀνομασία	2	9.78E-05
ὀλιγωρέω	2	9.78E-05
ὀλιγοστός	2	9.78E-05
ὄπισθεν	2	9.78E-05
ξύλον	2	9.78E-05
ξόανον	2	9.78E-05
ξέρξης	2	9.78E-05
νυνί	2	9.78E-05
νοσέω	2	9.78E-05
νίκη	2	9.78E-05
νεωστί	2	9.78E-05
νέμω	2	9.78E-05
μυστήριον	2	9.78E-05
μυθολογία	2	9.78E-05
μυθολογέω	2	9.78E-05
μυθεύω	2	9.78E-05
μῦθος	2	9.78E-05
μοχθηρία	2	9.78E-05
μοιχεία	2	9.78E-05
μόλων	2	9.78E-05
μῖσος	2	9.78E-05
μίνως	2	9.78E-05
μῆδος	2	9.78E-05
μεταλαμβάνω	2	9.78E-05
μεταδίδωμι	2	9.78E-05
μετάθεσις	2	9.78E-05
μεθερμηνεύω	2	9.78E-05
μεγαλοψυχία	2	9.78E-05
μέσος	2	9.78E-05
μέμφομαι	2	9.78E-05
μέμφις	2	9.78E-05
μέθη	2	9.78E-05
μαρτύρομαι	2	9.78E-05
μακράν	2	9.78E-05
μάγνος	2	9.78E-05
λυκοῦργος	2	9.78E-05
λύχνον	2	9.78E-05
λύμη	2	9.78E-05
λογίζομαι	2	9.78E-05
λίθινος	2	9.78E-05
λεία	2	9.78E-05
λέχος	2	9.78E-05
λέξις	2	9.78E-05
λανθάνω	2	9.78E-05
κυρήνη	2	9.78E-05
κτῆσις	2	9.78E-05
κτείνω	2	9.78E-05
κρίνω	2	9.78E-05
κράτιστος	2	9.78E-05
κολάζω	2	9.78E-05
κόιλος	2	9.78E-05
κίων	2	9.78E-05
κῆδος	2	9.78E-05
κέω	2	9.78E-05
καταφεύγω	2	9.78E-05
καταλέγω	2	9.78E-05
καταλαμβάνω	2	9.78E-05
κατακολουθέω	2	9.78E-05
καταβάλλω	2	9.78E-05
καθαρμός	2	9.78E-05
καθαίρω	2	9.78E-05
κάλλιστα	2	9.78E-05
κάλλιον	2	9.78E-05
κάδμος	2	9.78E-05
ἱππεύς	2	9.78E-05
ἱερώνυμος	2	9.78E-05
ἱεροσυλέω	2	9.78E-05
ἱερογραμματεύς	2	9.78E-05
ἱεράομαι	2	9.78E-05
ἱέρεια	2	9.78E-05
ἱδρύω	2	9.78E-05
ἰνδός	2	9.78E-05
ἰδέα	2	9.78E-05
ἴσος	2	9.78E-05
ἴσις	2	9.78E-05
θυγάτηρ	2	9.78E-05
θρασύς	2	9.78E-05
θράκιος	2	9.78E-05
θουκυδίδης	2	9.78E-05
θηβαῖος	2	9.78E-05
θεραπεύω	2	9.78E-05
θεομαχέω	2	9.78E-05
θεόπομπος	2	9.78E-05
θάσσων	2	9.78E-05
ἡσυχία	2	9.78E-05
ἡσσάομαι	2	9.78E-05
ἡμερότης	2	9.78E-05
ἡγεμονία	2	9.78E-05
ἥσσων	2	9.78E-05
ἥμερος	2	9.78E-05
ἦ	2	9.78E-05
ζητέω	2	9.78E-05
εὑρετής	2	9.78E-05
εὐωχία	2	9.78E-05
εὐχέρεια	2	9.78E-05
εὐτυχία	2	9.78E-05
εὐσεβής	2	9.78E-05
εὐσεβέω	2	9.78E-05
εὐρώπη	2	9.78E-05
εὐήθης	2	9.78E-05
εὐήθεια	2	9.78E-05
εὖ	2	9.78E-05
εἰσέρχομαι	2	9.78E-05
ἑτοῖμος	2	9.78E-05
ἑτέρωθεν	2	9.78E-05
ἑσπέριος	2	9.78E-05
ἑπτά	2	9.78E-05
ἑξήκοντα	2	9.78E-05
ἑλλάνικος	2	9.78E-05
ἑκατοστός	2	9.78E-05
ἑβδομήκοντα	2	9.78E-05
ἑβδομάς	2	9.78E-05
ἕρμαιον	2	9.78E-05
ἐχθές	2	9.78E-05
ἐσθίω	2	9.78E-05
ἐρημία	2	9.78E-05
ἐπιφανής	2	9.78E-05
ἐπιτελέω	2	9.78E-05
ἐπιτέλλω	2	9.78E-05
ἐπιστολή	2	9.78E-05
ἐπισπάω	2	9.78E-05
ἐπισκοπέω	2	9.78E-05
ἐπιμιξία	2	9.78E-05
ἐπιμιμνήσκομαι	2	9.78E-05
ἐπιμίγνυμι	2	9.78E-05
ἐπιλανθάνομαι	2	9.78E-05
ἐπιθυμητής	2	9.78E-05
ἐπίσταμαι	2	9.78E-05
ἐπίνοια	2	9.78E-05
ἐπέχω	2	9.78E-05
ἐπακολουθέω	2	9.78E-05
ἐπαγγέλλω	2	9.78E-05
ἐπάγω	2	9.78E-05
ἐξορίζω	2	9.78E-05
ἐξαμαρτάνω	2	9.78E-05
ἐξαιρετός	2	9.78E-05
ἐνοικέω	2	9.78E-05
ἐνδέω	2	9.78E-05
ἐμφύω	2	9.78E-05
ἐλευθερία	2	9.78E-05
ἐλαύνω	2	9.78E-05
ἐλάσσων	2	9.78E-05
ἐκτύπωμα	2	9.78E-05
ἐκτίθημι	2	9.78E-05
ἐκπέμπω	2	9.78E-05
ἐκλείπω	2	9.78E-05
ἐθισμός	2	9.78E-05
ἐθελούσιος	2	9.78E-05
ἐγχώριος	2	9.78E-05
ἐγκώμιος	2	9.78E-05
ἐγκρατής	2	9.78E-05
ἐγκαρτερέω	2	9.78E-05
ἔφεσος	2	9.78E-05
ἔπαινος	2	9.78E-05
ἔνθα	2	9.78E-05
ἔνδοξος	2	9.78E-05
ἔμπροσθεν	2	9.78E-05
ἔμπειρος	2	9.78E-05
ἔκπτωσις	2	9.78E-05
ἔγκυος	2	9.78E-05
δυναστεύω	2	9.78E-05
δυναστεία	2	9.78E-05
δράω	2	9.78E-05
δοκιμάζω	2	9.78E-05
δόλος	2	9.78E-05
δόγμα	2	9.78E-05
δισχίλιοι	2	9.78E-05
διοδοιπορέω	2	9.78E-05
δικάζω	2	9.78E-05
διηγέομαι	2	9.78E-05
διεξέρχομαι	2	9.78E-05
διελέγχω	2	9.78E-05
διδασκαλικός	2	9.78E-05
διαφοιτάω	2	9.78E-05
διατριβή	2	9.78E-05
διατηρέω	2	9.78E-05
διαπορέω	2	9.78E-05
διακρίνω	2	9.78E-05
διακομίζω	2	9.78E-05
διαδοχή	2	9.78E-05
διαβολή	2	9.78E-05
διαβεβαιόομαι	2	9.78E-05
διαβαίνω	2	9.78E-05
διάθεσις	2	9.78E-05
διάδημα	2	9.78E-05
δήπουθεν	2	9.78E-05
δήπου	2	9.78E-05
δεκάτη	2	9.78E-05
δεινότης	2	9.78E-05
δείδω	2	9.78E-05
δένδρον	2	9.78E-05
γραφή	2	9.78E-05
γραφεύς	2	9.78E-05
γόης	2	9.78E-05
γεωργία	2	9.78E-05
γεννάω	2	9.78E-05
γενεά	2	9.78E-05
βουλεύω	2	9.78E-05
βουβωνιάω	2	9.78E-05
βοηθέω	2	9.78E-05
βόκχορις	2	9.78E-05
βλάβος	2	9.78E-05
βίαιος	2	9.78E-05
βῆλος	2	9.78E-05
βέλτιστος	2	9.78E-05
βασκαίνω	2	9.78E-05
βασιλίς	2	9.78E-05
αὐχέω	2	9.78E-05
αὐτοκράτωρ	2	9.78E-05
αὐτόματος	2	9.78E-05
αὐτεξούσιος	2	9.78E-05
αὖθις	2	9.78E-05
αἰσθάνομαι	2	9.78E-05
αἰδοῖον	2	9.78E-05
αἴνιγμα	2	9.78E-05
ἁλίσκομαι	2	9.78E-05
ἁγιστεία	2	9.78E-05
ἁγέομαι	2	9.78E-05
ἅπαξ	2	9.78E-05
ἀφικνέομαι	2	9.78E-05
ἀφίημι	2	9.78E-05
ἀφανής	2	9.78E-05
ἀσφαλής	2	9.78E-05
ἀστυγείτων	2	9.78E-05
ἀσελγής	2	9.78E-05
ἀσέβημα	2	9.78E-05
ἀρταξέρξης	2	9.78E-05
ἀργεῖος	2	9.78E-05
ἀργέω	2	9.78E-05
ἀράβιος	2	9.78E-05
ἀποτίνω	2	9.78E-05
ἀποτελέω	2	9.78E-05
ἀποστέλλω	2	9.78E-05
ἀποστάτης	2	9.78E-05
ἀπορία	2	9.78E-05
ἀπολογία	2	9.78E-05
ἀπόλλων	2	9.78E-05
ἀπόδειξις	2	9.78E-05
ἀπαλλαγή	2	9.78E-05
ἀπαγορεύω	2	9.78E-05
ἀπαγγέλλω	2	9.78E-05
ἀπάτη	2	9.78E-05
ἀόριστος	2	9.78E-05
ἀξιάω	2	9.78E-05
ἀντιπαραβάλλω	2	9.78E-05
ἀντίρρησις	2	9.78E-05
ἀντίγονος	2	9.78E-05
ἀνταίρω	2	9.78E-05
ἀνοικοδομέω	2	9.78E-05
ἀνόσιος	2	9.78E-05
ἀνία	2	9.78E-05
ἀνθρώπινος	2	9.78E-05
ἀνεπίμικτος	2	9.78E-05
ἀνεξέταστος	2	9.78E-05
ἀναξαγόρης	2	9.78E-05
ἀναλίσκω	2	9.78E-05
ἀναλαμβάνω	2	9.78E-05
ἀναιδής	2	9.78E-05
ἀναίδεια	2	9.78E-05
ἀναβαίνω	2	9.78E-05
ἀνάπαυσις	2	9.78E-05
ἀνάδοσις	2	9.78E-05
ἀμφισβητέω	2	9.78E-05
ἀμήχανος	2	9.78E-05
ἀμελέω	2	9.78E-05
ἀμείνων	2	9.78E-05
ἀμαχητί	2	9.78E-05
ἀκρωτηριάζω	2	9.78E-05
ἀκρασία	2	9.78E-05
ἀκμάζω	2	9.78E-05
ἀκαρπία	2	9.78E-05
ἀθηναῖος	2	9.78E-05
ἀδικέω	2	9.78E-05
ἀδέσποτος	2	9.78E-05
ἀγανακτέω	2	9.78E-05
ἆπις	2	9.78E-05
ἄτοπος	2	9.78E-05
ἄσφαλτον	2	9.78E-05
ἄστυ	2	9.78E-05
ἄσκησις	2	9.78E-05
ἄρουρα	2	9.78E-05
ἄπειρος	2	9.78E-05
ἄπειμι	2	9.78E-05
ἄντικρυς	2	9.78E-05
ἄνομος	2	9.78E-05
ἄμμων	2	9.78E-05
ἄλλως	2	9.78E-05
ἄλγος	2	9.78E-05
ἄγνωστος	2	9.78E-05
ὧδε	1	4.89E-05
ὠφελέω	1	4.89E-05
ὠφέλεια	1	4.89E-05
ὠμότης	1	4.89E-05
ὠμός	1	4.89E-05
ὦρος	1	4.89E-05
ψηφίζομαι	1	4.89E-05
ψῆφος	1	4.89E-05
ψήφισμα	1	4.89E-05
ψέγω	1	4.89E-05
χωρίς	1	4.89E-05
χωλός	1	4.89E-05
χρυσίον	1	4.89E-05
χρηματίζω	1	4.89E-05
χρήσιμος	1	4.89E-05
χοῦς	1	4.89E-05
χοῖρος	1	4.89E-05
χοίρειος	1	4.89E-05
χόω	1	4.89E-05
χόλος	1	4.89E-05
χθές	1	4.89E-05
χαριστήριος	1	4.89E-05
χαλκός	1	4.89E-05
χαλκεύω	1	4.89E-05
χαλεπός	1	4.89E-05
χαλεπαίνω	1	4.89E-05
χαλδαικός	1	4.89E-05
χάω	1	4.89E-05
χάρτη	1	4.89E-05
φυλή	1	4.89E-05
φυλακεύς	1	4.89E-05
φῦλον	1	4.89E-05
φύτευμα	1	4.89E-05
φύσκος	1	4.89E-05
φύλαξ	1	4.89E-05
φρουρά	1	4.89E-05
φρούριον	1	4.89E-05
φροντίζω	1	4.89E-05
φράσις	1	4.89E-05
φράζω	1	4.89E-05
φορέω	1	4.89E-05
φονικός	1	4.89E-05
φονεύω	1	4.89E-05
φοιτάω	1	4.89E-05
φοινικικός	1	4.89E-05
φόρτος	1	4.89E-05
φόρος	1	4.89E-05
φλυαρία	1	4.89E-05
φλυάρημα	1	4.89E-05
φιλοχρηματέω	1	4.89E-05
φιλοτιμέομαι	1	4.89E-05
φιλονεικία	1	4.89E-05
φιλονεικέω	1	4.89E-05
φιλοκαλέω	1	4.89E-05
φιλόφρων	1	4.89E-05
φιλότιμος	1	4.89E-05
φιλόστρατος	1	4.89E-05
φιλόπονος	1	4.89E-05
φιλόνεικος	1	4.89E-05
φιλεργός	1	4.89E-05
φιλάνθρωπος	1	4.89E-05
φιλάνθρωπον	1	4.89E-05
φιλάδελφος	1	4.89E-05
φῖλος	1	4.89E-05
φίλων	1	4.89E-05
φίλιστος	1	4.89E-05
φήμη	1	4.89E-05
φερεκύδης	1	4.89E-05
φείδομαι	1	4.89E-05
ὑψηλός	1	4.89E-05
ὑφίστημι	1	4.89E-05
ὑφίημι	1	4.89E-05
ὑφηγέομαι	1	4.89E-05
ὑφαιρέω	1	4.89E-05
ὑφαίνω	1	4.89E-05
ὑποτίμησις	1	4.89E-05
ὑποτάσσω	1	4.89E-05
ὑποστέλλω	1	4.89E-05
ὑποθήκη	1	4.89E-05
ὑποζεύγνυμι	1	4.89E-05
ὑποδείδω	1	4.89E-05
ὑποδέχομαι	1	4.89E-05
ὑπόστασις	1	4.89E-05
ὑπόνοια	1	4.89E-05
ὑπόμνημα	1	4.89E-05
ὑπόληψις	1	4.89E-05
ὑπηρέτης	1	4.89E-05
ὑπεύθυνος	1	4.89E-05
ὑπερχαρής	1	4.89E-05
ὑπερπαίω	1	4.89E-05
ὑπερμάχομαι	1	4.89E-05
ὑπερήφανος	1	4.89E-05
ὑπερβολή	1	4.89E-05
ὑπερβάλλω	1	4.89E-05
ὑπεραίρω	1	4.89E-05
ὑπεναντιότης	1	4.89E-05
ὑπέρχομαι	1	4.89E-05
ὑπαντιάζω	1	4.89E-05
ὑπαντάω	1	4.89E-05
ὑπακμάζω	1	4.89E-05
ὑμνέω	1	4.89E-05
ὑλοτομέω	1	4.89E-05
ὑγιαίνω	1	4.89E-05
ὗς	1	4.89E-05
ὕφεξις	1	4.89E-05
ὕπνος	1	4.89E-05
ὕπνον	1	4.89E-05
ὕπερθεν	1	4.89E-05
ὕμνος	1	4.89E-05
τυφώνιος	1	4.89E-05
τυφλόω	1	4.89E-05
τυφλότης	1	4.89E-05
τυρρηνός	1	4.89E-05
τυραννεύω	1	4.89E-05
τύρης	1	4.89E-05
τύραννος	1	4.89E-05
τρωικός	1	4.89E-05
τρυφή	1	4.89E-05
τροχοκουράς	1	4.89E-05
τροφός	1	4.89E-05
τροία	1	4.89E-05
τρισχίλιοι	1	4.89E-05
τρισκαιδέκατος	1	4.89E-05
τριπολιτικός	1	4.89E-05
τρεισκαίδεκα	1	4.89E-05
τραυματίζω	1	4.89E-05
τράγος	1	4.89E-05
τουτέστι	1	4.89E-05
τοξότης	1	4.89E-05
τοξικός	1	4.89E-05
τοξεύω	1	4.89E-05
τόξον	1	4.89E-05
τόλμα	1	4.89E-05
τόκος	1	4.89E-05
τιμωρητικός	1	4.89E-05
τίνω	1	4.89E-05
τίμιος	1	4.89E-05
τίκτω	1	4.89E-05
τηρέω	1	4.89E-05
τηνικαῦτα	1	4.89E-05
τηλικοῦτος	1	4.89E-05
τεύχω	1	4.89E-05
τετράγωνος	1	4.89E-05
τεκνοκτόνος	1	4.89E-05
τέταρτος	1	4.89E-05
τέρπω	1	4.89E-05
ταχέως	1	4.89E-05
ταραχή	1	4.89E-05
ταλαιπωρέω	1	4.89E-05
τάχος	1	4.89E-05
σώφρων	1	4.89E-05
σχολαστικός	1	4.89E-05
σχέτλιος	1	4.89E-05
σφυρήλατος	1	4.89E-05
σφεῖς	1	4.89E-05
συντυγχάνω	1	4.89E-05
συντρέφω	1	4.89E-05
συντονία	1	4.89E-05
συντομία	1	4.89E-05
συνουσιαστής	1	4.89E-05
συνοικειόω	1	4.89E-05
συνοικέω	1	4.89E-05
συνιερεύς	1	4.89E-05
συνήθης	1	4.89E-05
συνεχής	1	4.89E-05
συνετός	1	4.89E-05
συνεργός	1	4.89E-05
συνεργάζομαι	1	4.89E-05
συνεπιστρατεύω	1	4.89E-05
συνεξορμάω	1	4.89E-05
συνεξελαύνω	1	4.89E-05
συνεξαιρέω	1	4.89E-05
συνεκπίπτω	1	4.89E-05
συνεθίζω	1	4.89E-05
συνέρχομαι	1	4.89E-05
συνδιατρίβω	1	4.89E-05
συναφίστημι	1	4.89E-05
συνατιμάζομαι	1	4.89E-05
συναρμόζω	1	4.89E-05
συναράσσω	1	4.89E-05
συναπαίρω	1	4.89E-05
συνακολουθέω	1	4.89E-05
συνακμάζω	1	4.89E-05
συναινέω	1	4.89E-05
συναίρω	1	4.89E-05
συμφιλοτιμέομαι	1	4.89E-05
συμφέρω	1	4.89E-05
συμπλέκω	1	4.89E-05
συμπλάσσω	1	4.89E-05
συμπεριπολέω	1	4.89E-05
συμπεριλαμβάνω	1	4.89E-05
συμπέμπω	1	4.89E-05
συμμίγνυμι	1	4.89E-05
συμμαχία	1	4.89E-05
συλλογίζομαι	1	4.89E-05
συκοφαντέω	1	4.89E-05
συγκρύπτω	1	4.89E-05
συγγραφή	1	4.89E-05
συγγνώμη	1	4.89E-05
συγγενής	1	4.89E-05
σύστημα	1	4.89E-05
σύνοιδα	1	4.89E-05
σύνεσις	1	4.89E-05
σύνεγγυς	1	4.89E-05
σύναποδύρομαι	1	4.89E-05
σύμφυτος	1	4.89E-05
σύμμαχος	1	4.89E-05
σύλλεκτος	1	4.89E-05
σύγχυσις	1	4.89E-05
στυγέω	1	4.89E-05
στρέβλα	1	4.89E-05
στρατία	1	4.89E-05
στρατηγέω	1	4.89E-05
στοά	1	4.89E-05
στόμα	1	4.89E-05
στόλος	1	4.89E-05
στήλη	1	4.89E-05
στεφανόω	1	4.89E-05
στερέω	1	4.89E-05
στέφανος	1	4.89E-05
στέγη	1	4.89E-05
στασιάζω	1	4.89E-05
στάθμη	1	4.89E-05
στάδιον	1	4.89E-05
σπουδαῖος	1	4.89E-05
σποράδην	1	4.89E-05
σπεύδω	1	4.89E-05
σπείρω	1	4.89E-05
σπάρτη	1	4.89E-05
σπάνιος	1	4.89E-05
σοφιστής	1	4.89E-05
σός	1	4.89E-05
σόλων	1	4.89E-05
σόλυμοι	1	4.89E-05
σκυλεύω	1	4.89E-05
σκυθικός	1	4.89E-05
σκύθης	1	4.89E-05
σκοπή	1	4.89E-05
σκοπάω	1	4.89E-05
σκολιός	1	4.89E-05
σκλῆναι	1	4.89E-05
σκιά	1	4.89E-05
σκηνή	1	4.89E-05
σκῆψις	1	4.89E-05
σκέπη	1	4.89E-05
σκάφη	1	4.89E-05
σιτομετρέω	1	4.89E-05
σιτίον	1	4.89E-05
σικελικός	1	4.89E-05
σήπω	1	4.89E-05
σεμίραμις	1	4.89E-05
σελευκεία	1	4.89E-05
σέσωστρις	1	4.89E-05
σέλινον	1	4.89E-05
σαμαρείτης	1	4.89E-05
σαβῖνος	1	4.89E-05
σαββάτωσις	1	4.89E-05
σάμιος	1	4.89E-05
ῥώμη	1	4.89E-05
ῥυπαίνω	1	4.89E-05
ῥίζα	1	4.89E-05
ῥητορικός	1	4.89E-05
ῥητός	1	4.89E-05
ῥήτωρ	1	4.89E-05
πώποτε	1	4.89E-05
πυρπολέω	1	4.89E-05
πυλών	1	4.89E-05
πυγμαλίων	1	4.89E-05
πύλη	1	4.89E-05
πτόα	1	4.89E-05
πρωταγόρας	1	4.89E-05
προφυλακή	1	4.89E-05
προφέρω	1	4.89E-05
προφάω	1	4.89E-05
προυπέχω	1	4.89E-05
προσχώννυμι	1	4.89E-05
προσχαρίζομαι	1	4.89E-05
προσφεύγω	1	4.89E-05
προσπλέκω	1	4.89E-05
προσπίτνω	1	4.89E-05
προσκατασκευάζω	1	4.89E-05
προσκαλέω	1	4.89E-05
προσθέω	1	4.89E-05
προσευχή	1	4.89E-05
προσερέω	1	4.89E-05
προσεπιτίθημι	1	4.89E-05
προσαποτίνω	1	4.89E-05
προσαποδίδωμι	1	4.89E-05
προσανέχω	1	4.89E-05
προπηλακίζω	1	4.89E-05
προομολογέω	1	4.89E-05
προνοέω	1	4.89E-05
προλαμβάνω	1	4.89E-05
προκαταβάλλω	1	4.89E-05
προίξ	1	4.89E-05
προίημι	1	4.89E-05
προεπίσταμαι	1	4.89E-05
προεξετάζω	1	4.89E-05
προεξέρχομαι	1	4.89E-05
προεῖδον	1	4.89E-05
προέχω	1	4.89E-05
προέρχομαι	1	4.89E-05
προδότης	1	4.89E-05
προδιαστέλλω	1	4.89E-05
προδήλωσις	1	4.89E-05
προβάλλω	1	4.89E-05
προαποδείκνυμι	1	4.89E-05
προαγόρευσις	1	4.89E-05
πρόχειρος	1	4.89E-05
πρόσωπον	1	4.89E-05
πρόσω	1	4.89E-05
πρόοιδα	1	4.89E-05
πρόγνωσις	1	4.89E-05
πρεσβευτής	1	4.89E-05
πρέσβις	1	4.89E-05
πραγματικός	1	4.89E-05
πραγματεύομαι	1	4.89E-05
πρᾶσις	1	4.89E-05
πορθέω	1	4.89E-05
πορεύω	1	4.89E-05
πονέω	1	4.89E-05
πολυχρόνιος	1	4.89E-05
πολυχειρία	1	4.89E-05
πολυτελής	1	4.89E-05
πολυκράτης	1	4.89E-05
πολυάνθρωπος	1	4.89E-05
πολιτογραφέω	1	4.89E-05
πολιτικός	1	4.89E-05
πολιορκητής	1	4.89E-05
πολεμικός	1	4.89E-05
ποθέω	1	4.89E-05
πόντος	1	4.89E-05
πλησιόχωρος	1	4.89E-05
πλησίος	1	4.89E-05
πληρόω	1	4.89E-05
πλημμέλεια	1	4.89E-05
πληθύνω	1	4.89E-05
πληγάς	1	4.89E-05
πλευρά	1	4.89E-05
πλέω	1	4.89E-05
πλάτος	1	4.89E-05
πλάστης	1	4.89E-05
πλάνη	1	4.89E-05
πιστόω	1	4.89E-05
πιπράσκω	1	4.89E-05
πηρόω	1	4.89E-05
πηλός	1	4.89E-05
πηγαῖος	1	4.89E-05
περσίς	1	4.89E-05
περιφρόνησις	1	4.89E-05
περιτροπή	1	4.89E-05
περιτομή	1	4.89E-05
περιτομεύς	1	4.89E-05
περιστέλλω	1	4.89E-05
περισκέπτομαι	1	4.89E-05
περιλείπομαι	1	4.89E-05
περιλάω	1	4.89E-05
περικοσμέω	1	4.89E-05
περιεργία	1	4.89E-05
περιέπω	1	4.89E-05
περιβόητος	1	4.89E-05
περίτιος	1	4.89E-05
περίπατος	1	4.89E-05
περίεργος	1	4.89E-05
πεντακισχίλιοι	1	4.89E-05
πενταετής	1	4.89E-05
πεντάπλεθρος	1	4.89E-05
πεισίστρατος	1	4.89E-05
πειράζω	1	4.89E-05
πέτομαι	1	4.89E-05
πέρσευς	1	4.89E-05
πέριξ	1	4.89E-05
πέρα	1	4.89E-05
πατρόθεν	1	4.89E-05
πατάσσω	1	4.89E-05
παροξύνω	1	4.89E-05
παρθένος	1	4.89E-05
παρθένιος	1	4.89E-05
παρευδοκιμέω	1	4.89E-05
παρεμβάλλω	1	4.89E-05
παρέλκω	1	4.89E-05
παραχωρέω	1	4.89E-05
παραχώννυμι	1	4.89E-05
παραχρῆμα	1	4.89E-05
παρατηρέω	1	4.89E-05
παραπλήσιος	1	4.89E-05
παραπέμπω	1	4.89E-05
παραλειπτέον	1	4.89E-05
παρακούω	1	4.89E-05
παρακινδυνεύω	1	4.89E-05
παρακαθίστημι	1	4.89E-05
παραινέω	1	4.89E-05
παραγγέλλω	1	4.89E-05
παραβιάζομαι	1	4.89E-05
παράπτω	1	4.89E-05
παράκουσμα	1	4.89E-05
παράδεισος	1	4.89E-05
παράδειγμα	1	4.89E-05
παράγω	1	4.89E-05
παράγγελμα	1	4.89E-05
παράβασις	1	4.89E-05
πανταχόθεν	1	4.89E-05
πανοικησίᾳ	1	4.89E-05
παλινδρομέω	1	4.89E-05
παιδοτροφία	1	4.89E-05
παιδοποιέω	1	4.89E-05
πάρεργον	1	4.89E-05
πάμφορος	1	4.89E-05
οὐσία	1	4.89E-05
οὐκέτι	1	4.89E-05
οὐδέτερος	1	4.89E-05
οὐδέπω	1	4.89E-05
οἰκονομέω	1	4.89E-05
οἰκοδόμησις	1	4.89E-05
οἰκοδεσπότης	1	4.89E-05
οἰκιστής	1	4.89E-05
οἰκία	1	4.89E-05
οἰκητήριον	1	4.89E-05
οἰκέτης	1	4.89E-05
οἶνον	1	4.89E-05
οἴκησις	1	4.89E-05
οἴκημα	1	4.89E-05
ὁσία	1	4.89E-05
ὁρμή	1	4.89E-05
ὁπότερος	1	4.89E-05
ὁπόσος	1	4.89E-05
ὁπλίτης	1	4.89E-05
ὁμωρόφιος	1	4.89E-05
ὁμωνυμέω	1	4.89E-05
ὁμοῦ	1	4.89E-05
ὁμονοέω	1	4.89E-05
ὁμολογουμένως	1	4.89E-05
ὁμοθυμαδόν	1	4.89E-05
ὁμοεθνής	1	4.89E-05
ὁμογνωμοσύνη	1	4.89E-05
ὁμόσε	1	4.89E-05
ὁμόεθνος	1	4.89E-05
ὁλόκληρος	1	4.89E-05
ὁλκή	1	4.89E-05
ὁδεύω	1	4.89E-05
ὅστε	1	4.89E-05
ὅποι	1	4.89E-05
ὅμορος	1	4.89E-05
ὀχυρόω	1	4.89E-05
ὀχύρωμα	1	4.89E-05
ὀχλέω	1	4.89E-05
ὀφείλω	1	4.89E-05
ὀρός	1	4.89E-05
ὀρνιθεύω	1	4.89E-05
ὀργή	1	4.89E-05
ὀπτάνιον	1	4.89E-05
ὀνομαστός	1	4.89E-05
ὀλύμπιος	1	4.89E-05
ὀλιγωρία	1	4.89E-05
ὀκτωκαιδέκατος	1	4.89E-05
ὀκτωκαίδεκα	1	4.89E-05
ὀκλάζω	1	4.89E-05
ὀδύρομαι	1	4.89E-05
ὀδύνη	1	4.89E-05
ὀβελός	1	4.89E-05
ὄψις	1	4.89E-05
ὄροφος	1	4.89E-05
ὄρειος	1	4.89E-05
ὄνος	1	4.89E-05
ὄνειρος	1	4.89E-05
ὄνειδος	1	4.89E-05
ὄασις	1	4.89E-05
ξυράω	1	4.89E-05
ξίφος	1	4.89E-05
ξενικός	1	4.89E-05
ξενηλασία	1	4.89E-05
νύκτωρ	1	4.89E-05
νουσέω	1	4.89E-05
νοσηλεία	1	4.89E-05
νομοθεσία	1	4.89E-05
νομός	1	4.89E-05
νομαδικός	1	4.89E-05
νόος	1	4.89E-05
νηστεύω	1	4.89E-05
νηστεία	1	4.89E-05
νῆσος	1	4.89E-05
νή	1	4.89E-05
νεωτερίζω	1	4.89E-05
νεοσσός	1	4.89E-05
νεκρόπολις	1	4.89E-05
νεῖλος	1	4.89E-05
νεανίης	1	4.89E-05
νέα	1	4.89E-05
ναυτικός	1	4.89E-05
ναῦς	1	4.89E-05
μωρολογία	1	4.89E-05
μυάω	1	4.89E-05
μύρον	1	4.89E-05
μύδρος	1	4.89E-05
μοναρχία	1	4.89E-05
μολυσμός	1	4.89E-05
μοιχάω	1	4.89E-05
μόνιμος	1	4.89E-05
μνηστεύω	1	4.89E-05
μνημονέω	1	4.89E-05
μνημεῖον	1	4.89E-05
μνασέης	1	4.89E-05
μισθοφορία	1	4.89E-05
μισανθρωπία	1	4.89E-05
μισάνθρωπος	1	4.89E-05
μιμητής	1	4.89E-05
μιλήσιος	1	4.89E-05
μικροψυχία	1	4.89E-05
μῖξις	1	4.89E-05
μίμησις	1	4.89E-05
μίγνυμι	1	4.89E-05
μηνύω	1	4.89E-05
μηκέτι	1	4.89E-05
μηδίη	1	4.89E-05
μηδέποτε	1	4.89E-05
μῆκος	1	4.89E-05
μήτηρ	1	4.89E-05
μήλιος	1	4.89E-05
μετονομάζω	1	4.89E-05
μετοικίζω	1	4.89E-05
μετέρχομαι	1	4.89E-05
μεταφράζω	1	4.89E-05
μεταπείθω	1	4.89E-05
μετανάστασις	1	4.89E-05
μεταλλάσσω	1	4.89E-05
μεταλήγω	1	4.89E-05
μετακινέω	1	4.89E-05
μεταιτέω	1	4.89E-05
μεταβαίνω	1	4.89E-05
μετάνοια	1	4.89E-05
μετάδοσις	1	4.89E-05
μερισμός	1	4.89E-05
μελέτη	1	4.89E-05
μείρομαι	1	4.89E-05
μεθίστημι	1	4.89E-05
μεγασθένης	1	4.89E-05
μεγαλοφρονέω	1	4.89E-05
μεγαλειότης	1	4.89E-05
μεγαλεῖος	1	4.89E-05
μέτρον	1	4.89E-05
μέση	1	4.89E-05
μέρβαλος	1	4.89E-05
μένανδρος	1	4.89E-05
μέμψις	1	4.89E-05
μαντικός	1	4.89E-05
μαντεύομαι	1	4.89E-05
μαντεῖον	1	4.89E-05
μαντεία	1	4.89E-05
μακεδονία	1	4.89E-05
μακαρίζω	1	4.89E-05
μακάριος	1	4.89E-05
μαίνομαι	1	4.89E-05
μάχιμος	1	4.89E-05
μάτην	1	4.89E-05
μάταιος	1	4.89E-05
μάρτυρος	1	4.89E-05
μάλα	1	4.89E-05
μάκρωνες	1	4.89E-05
λυχνοφόρος	1	4.89E-05
λυχνοκαία	1	4.89E-05
λυχνίον	1	4.89E-05
λυμαίνομαι	1	4.89E-05
λύχνος	1	4.89E-05
λύσσα	1	4.89E-05
λουτρόν	1	4.89E-05
λοκρός	1	4.89E-05
λογισμός	1	4.89E-05
λόγιον	1	4.89E-05
λιτότης	1	4.89E-05
λιπαρός	1	4.89E-05
λίθος	1	4.89E-05
ληρέω	1	4.89E-05
λῃστεία	1	4.89E-05
λεύω	1	4.89E-05
λεκτέος	1	4.89E-05
λειτουργία	1	4.89E-05
λατομία	1	4.89E-05
λαμπρότης	1	4.89E-05
λάφυρα	1	4.89E-05
λάρναξ	1	4.89E-05
λάπτω	1	4.89E-05
κωφός	1	4.89E-05
κωμῳδέω	1	4.89E-05
κώνειον	1	4.89E-05
κυριεύω	1	4.89E-05
κυρίζω	1	4.89E-05
κυνοκέφαλος	1	4.89E-05
κῦμα	1	4.89E-05
κύπρος	1	4.89E-05
κτίστης	1	4.89E-05
κτάομαι	1	4.89E-05
κροτωνιάτης	1	4.89E-05
κροκόδειλος	1	4.89E-05
κροῖσος	1	4.89E-05
κρίσις	1	4.89E-05
κρής	1	4.89E-05
κρεμαστός	1	4.89E-05
κράτησις	1	4.89E-05
κοῦφος	1	4.89E-05
κορυφάς	1	4.89E-05
κομίζω	1	4.89E-05
κολαστής	1	4.89E-05
κοινωνός	1	4.89E-05
κότινον	1	4.89E-05
κόρη	1	4.89E-05
κόπτω	1	4.89E-05
κόνων	1	4.89E-05
κλέω	1	4.89E-05
κλέανθης	1	4.89E-05
κλαζομένιος	1	4.89E-05
κινέω	1	4.89E-05
κινδυνεύω	1	4.89E-05
κιθαρίζω	1	4.89E-05
κίνδυνος	1	4.89E-05
κηδεμών	1	4.89E-05
κηδεία	1	4.89E-05
κεφάλαιος	1	4.89E-05
κενός	1	4.89E-05
κέλλω	1	4.89E-05
κέδρινος	1	4.89E-05
κατονομάζω	1	4.89E-05
κατοικία	1	4.89E-05
κατεσθίω	1	4.89E-05
κατείργω	1	4.89E-05
κατείργνυμι	1	4.89E-05
κατεγγυάω	1	4.89E-05
κατέρχομαι	1	4.89E-05
καταχής	1	4.89E-05
καταφυτεύω	1	4.89E-05
κατασχίζω	1	4.89E-05
κατασχάω	1	4.89E-05
κατασφάζω	1	4.89E-05
κατασκεύασμα	1	4.89E-05
κατασιωπάω	1	4.89E-05
καταρίθμησις	1	4.89E-05
καταράομαι	1	4.89E-05
καταποντίζω	1	4.89E-05
καταπλήσσω	1	4.89E-05
καταπίπτω	1	4.89E-05
κατανοέω	1	4.89E-05
κατακοσμέω	1	4.89E-05
κατακλυσμός	1	4.89E-05
κατακλείω	1	4.89E-05
κατακαλέω	1	4.89E-05
κατακαίω	1	4.89E-05
καταθαρσέω	1	4.89E-05
καταδικάζω	1	4.89E-05
καταδέχομαι	1	4.89E-05
καταγίγνομαι	1	4.89E-05
καταγέλαστος	1	4.89E-05
καταβαίνω	1	4.89E-05
κατάχρυσος	1	4.89E-05
κατάρχω	1	4.89E-05
κατάλυσις	1	4.89E-05
κατάγομος	1	4.89E-05
κατάγνυμι	1	4.89E-05
κατάγελως	1	4.89E-05
καρτερικός	1	4.89E-05
καρποφορέω	1	4.89E-05
καρπός	1	4.89E-05
καρπέω	1	4.89E-05
καπνός	1	4.89E-05
καπηλεία	1	4.89E-05
κανών	1	4.89E-05
καλλιφών	1	4.89E-05
καλλιγραφέω	1	4.89E-05
καλλίης	1	4.89E-05
κακουργέω	1	4.89E-05
κακοήθης	1	4.89E-05
κακοήθεια	1	4.89E-05
κακοδοξία	1	4.89E-05
κακοδαίμων	1	4.89E-05
κακία	1	4.89E-05
καινουργία	1	4.89E-05
καινοποιέω	1	4.89E-05
καινολογέω	1	4.89E-05
καῖσαρ	1	4.89E-05
καίω	1	4.89E-05
καθόλου	1	4.89E-05
καθιερόω	1	4.89E-05
καθίημι	1	4.89E-05
καθαιρέω	1	4.89E-05
κάτος	1	4.89E-05
κάστωρ	1	4.89E-05
κάλη	1	4.89E-05
κάκουργος	1	4.89E-05
κάθαρσις	1	4.89E-05
ἱστοριογραφία	1	4.89E-05
ἱστοριόγραφος	1	4.89E-05
ἱππικός	1	4.89E-05
ἱμάτιον	1	4.89E-05
ἱλάσκομαι	1	4.89E-05
ἱκετεύω	1	4.89E-05
ἱκέτης	1	4.89E-05
ἱερωσύνη	1	4.89E-05
ἱεροσυλία	1	4.89E-05
ἱεροπρεπής	1	4.89E-05
ἱερεῖον	1	4.89E-05
ἵππος	1	4.89E-05
ἵημι	1	4.89E-05
ἰώνιος	1	4.89E-05
ἰσχυρογνωμοσύνη	1	4.89E-05
ἰσχύς	1	4.89E-05
ἰούλιος	1	4.89E-05
ἰνδικός	1	4.89E-05
ἰλιακός	1	4.89E-05
ἰδιότης	1	4.89E-05
ἰβηρίη	1	4.89E-05
ἶσις	1	4.89E-05
θύτης	1	4.89E-05
θύρα	1	4.89E-05
θρίξ	1	4.89E-05
θρησκεύω	1	4.89E-05
θρησκεία	1	4.89E-05
θνητός	1	4.89E-05
θηβαίς	1	4.89E-05
θῆλυς	1	4.89E-05
θετέος	1	4.89E-05
θερμώδων	1	4.89E-05
θεραπευτέον	1	4.89E-05
θεοσεβής	1	4.89E-05
θεοκρατία	1	4.89E-05
θεόφραστος	1	4.89E-05
θεόφιλος	1	4.89E-05
θεόδοτος	1	4.89E-05
θεμιστεύω	1	4.89E-05
θεμέλιος	1	4.89E-05
θεατής	1	4.89E-05
θεάομαι	1	4.89E-05
θέρμος	1	4.89E-05
θέατρον	1	4.89E-05
θέαμα	1	4.89E-05
θαυμαστής	1	4.89E-05
θαυμασιότης	1	4.89E-05
θαρσέω	1	4.89E-05
θαρσαλέος	1	4.89E-05
θάρσος	1	4.89E-05
θάλης	1	4.89E-05
ἡσίοδος	1	4.89E-05
ἡρώδης	1	4.89E-05
ἡνίκα	1	4.89E-05
ἡγητέον	1	4.89E-05
ἡγεμονικός	1	4.89E-05
ἡγεμονεύω	1	4.89E-05
ἥκιστος	1	4.89E-05
ἥδομαι	1	4.89E-05
ἠπιότης	1	4.89E-05
ἠλεῖος	1	4.89E-05
ἤτοι	1	4.89E-05
ἤπειρος	1	4.89E-05
ζωπυρίων	1	4.89E-05
ζωή	1	4.89E-05
ζωγράφος	1	4.89E-05
ζηλωτής	1	4.89E-05
ζηλοτυπία	1	4.89E-05
ζηλόω	1	4.89E-05
ζήτησις	1	4.89E-05
ζήνων	1	4.89E-05
ζάλευκος	1	4.89E-05
εὕρημα	1	4.89E-05
εὕρεσις	1	4.89E-05
εὐτέλεια	1	4.89E-05
εὐρύχωρος	1	4.89E-05
εὐπραγία	1	4.89E-05
εὐπόλεμος	1	4.89E-05
εὐλαβέομαι	1	4.89E-05
εὐήμερος	1	4.89E-05
εὐεργέτης	1	4.89E-05
εὐδοκιμέω	1	4.89E-05
εὐδόκιμος	1	4.89E-05
εὐδαιμονέω	1	4.89E-05
εὐδαίμων	1	4.89E-05
εὐγνώμων	1	4.89E-05
εὐγένεια	1	4.89E-05
εὐάλωτος	1	4.89E-05
εὖρος	1	4.89E-05
εὔρωστος	1	4.89E-05
εὔνοια	1	4.89E-05
εὔλογος	1	4.89E-05
εἰστέλλω	1	4.89E-05
εἰσποιέω	1	4.89E-05
εἰσλάω	1	4.89E-05
εἰσκομίζω	1	4.89E-05
εἰσηγητής	1	4.89E-05
εἰσηγέομαι	1	4.89E-05
εἰσαφικνέομαι	1	4.89E-05
εἰσάπαξ	1	4.89E-05
εἰρήνη	1	4.89E-05
εἰκών	1	4.89E-05
εἰκῇ	1	4.89E-05
εἴσειμι	1	4.89E-05
ἑτοιμάζω	1	4.89E-05
ἑτέρως	1	4.89E-05
ἑσπέρα	1	4.89E-05
ἑρμογένης	1	4.89E-05
ἑρμηνεύω	1	4.89E-05
ἑπτακόσιοι	1	4.89E-05
ἑπτακαιδέκατος	1	4.89E-05
ἑξῆς	1	4.89E-05
ἑξακόσιοι	1	4.89E-05
ἑνδέκατος	1	4.89E-05
ἑλληνίς	1	4.89E-05
ἑκών	1	4.89E-05
ἑκούσιος	1	4.89E-05
ἑκατόμβη	1	4.89E-05
ἑκάστοτε	1	4.89E-05
ἑβραῖος	1	4.89E-05
ἕρμιππος	1	4.89E-05
ἕπομαι	1	4.89E-05
ἕλλη	1	4.89E-05
ἕλκωσις	1	4.89E-05
ἕκτος	1	4.89E-05
ἐφίημι	1	4.89E-05
ἐφήκω	1	4.89E-05
ἐφήδομαι	1	4.89E-05
ἐφεξῆς	1	4.89E-05
ἐφέσιος	1	4.89E-05
ἐρωτάω	1	4.89E-05
ἐρυθραί	1	4.89E-05
ἐρέω	1	4.89E-05
ἐργασία	1	4.89E-05
ἐράομαι	1	4.89E-05
ἐποπτεύω	1	4.89E-05
ἐπονομάζω	1	4.89E-05
ἐποικέω	1	4.89E-05
ἐπόπτης	1	4.89E-05
ἐπιφορτίζω	1	4.89E-05
ἐπιφημίζω	1	4.89E-05
ἐπιφαίνω	1	4.89E-05
ἐπιτροπεύω	1	4.89E-05
ἐπιτρέχω	1	4.89E-05
ἐπιτιμάω	1	4.89E-05
ἐπιτίμιος	1	4.89E-05
ἐπιτίθημι	1	4.89E-05
ἐπιτηδεύω	1	4.89E-05
ἐπιστάτη	1	4.89E-05
ἐπισκώπτω	1	4.89E-05
ἐπισκοτέω	1	4.89E-05
ἐπισκευάζω	1	4.89E-05
ἐπισινής	1	4.89E-05
ἐπισημαίνω	1	4.89E-05
ἐπισεμνύνομαι	1	4.89E-05
ἐπιπορεύομαι	1	4.89E-05
ἐπιπλήσσω	1	4.89E-05
ἐπιξενόομαι	1	4.89E-05
ἐπιμελέομαι	1	4.89E-05
ἐπιλογή	1	4.89E-05
ἐπιλέγω	1	4.89E-05
ἐπικρατής	1	4.89E-05
ἐπικρατέω	1	4.89E-05
ἐπικουρία	1	4.89E-05
ἐπικοινωνέω	1	4.89E-05
ἐπικηρύσσω	1	4.89E-05
ἐπιθαλάσσιος	1	4.89E-05
ἐπιζήτησις	1	4.89E-05
ἐπιζήμιος	1	4.89E-05
ἐπιεικής	1	4.89E-05
ἐπιδιώκω	1	4.89E-05
ἐπιδέω	1	4.89E-05
ἐπιγράφω	1	4.89E-05
ἐπιγίγνομαι	1	4.89E-05
ἐπιβωμίτης	1	4.89E-05
ἐπιβουλή	1	4.89E-05
ἐπίφθονος	1	4.89E-05
ἐπίτροπος	1	4.89E-05
ἐπίσημος	1	4.89E-05
ἐπίπνοια	1	4.89E-05
ἐπίκαιρος	1	4.89E-05
ἐπεισπλέω	1	4.89E-05
ἐπεισάγω	1	4.89E-05
ἐπειδάν	1	4.89E-05
ἐπανορθόω	1	4.89E-05
ἐπανέρχομαι	1	4.89E-05
ἐπανάστασις	1	4.89E-05
ἐπαινέω	1	4.89E-05
ἐπαγωγός	1	4.89E-05
ἐπάρχω	1	4.89E-05
ἐπάνω	1	4.89E-05
ἐπάνειμι	1	4.89E-05
ἐπάγνυμι	1	4.89E-05
ἐπάγγελμα	1	4.89E-05
ἐξυβρίζω	1	4.89E-05
ἐξοπλισία	1	4.89E-05
ἐξόμνυμι	1	4.89E-05
ἐξηγέομαι	1	4.89E-05
ἐξευρίσκω	1	4.89E-05
ἐξεργάζομαι	1	4.89E-05
ἐξέτασις	1	4.89E-05
ἐξασθενέω	1	4.89E-05
ἐξαλείφω	1	4.89E-05
ἐξαιρέω	1	4.89E-05
ἐξαίρω	1	4.89E-05
ἐντρέφω	1	4.89E-05
ἐντίθημι	1	4.89E-05
ἐντεῦθεν	1	4.89E-05
ἐντέλλω	1	4.89E-05
ἐντάφιος	1	4.89E-05
ἐντάσσω	1	4.89E-05
ἐνοικίζω	1	4.89E-05
ἐννοέω	1	4.89E-05
ἐννεακαίδεκα	1	4.89E-05
ἐνιαυτός	1	4.89E-05
ἐνευδοκιμέω	1	4.89E-05
ἐνενήκοντα	1	4.89E-05
ἐναρμόζω	1	4.89E-05
ἐναντιόομαι	1	4.89E-05
ἐμφύλιος	1	4.89E-05
ἐμφαίνω	1	4.89E-05
ἐμπίτνω	1	4.89E-05
ἐμπερισπούδαστος	1	4.89E-05
ἐμπειρία	1	4.89E-05
ἐμπαροινέω	1	4.89E-05
ἐμπαρέχω	1	4.89E-05
ἐμός	1	4.89E-05
ἐμβολάς	1	4.89E-05
ἐμβόλιμος	1	4.89E-05
ἐλπίς	1	4.89E-05
ἐλλείπω	1	4.89E-05
ἐλεύθερος	1	4.89E-05
ἐλεάω	1	4.89E-05
ἐλέφας	1	4.89E-05
ἐλασσόω	1	4.89E-05
ἐλάττωσις	1	4.89E-05
ἐλάττωμα	1	4.89E-05
ἐκτρέφω	1	4.89E-05
ἐκτείνω	1	4.89E-05
ἐκτέμνω	1	4.89E-05
ἐκπονέω	1	4.89E-05
ἐκπολιορκέω	1	4.89E-05
ἐκπολεμόω	1	4.89E-05
ἐκπολεμέω	1	4.89E-05
ἐκπαιδεύω	1	4.89E-05
ἐκλανθάνω	1	4.89E-05
ἐκεῖσε	1	4.89E-05
ἐκδιώκω	1	4.89E-05
ἐκβολή	1	4.89E-05
ἐκβολεύς	1	4.89E-05
ἐγχωρίζω	1	4.89E-05
ἐγχαράσσω	1	4.89E-05
ἐγκωμιάζω	1	4.89E-05
ἐγκατοικέω	1	4.89E-05
ἐγκατασπείρω	1	4.89E-05
ἐγγύς	1	4.89E-05
ἐγγίων	1	4.89E-05
ἐγγίγνομαι	1	4.89E-05
ἔρως	1	4.89E-05
ἔρομαι	1	4.89E-05
ἔπηλυς	1	4.89E-05
ἔξειμι	1	4.89E-05
ἔνδον	1	4.89E-05
ἔλεγχος	1	4.89E-05
ἔθω	1	4.89E-05
ἔγκλημα	1	4.89E-05
ἔγερσις	1	4.89E-05
δωρέομαι	1	4.89E-05
δωμάτιον	1	4.89E-05
δωδέκατος	1	4.89E-05
δυστυχέω	1	4.89E-05
δυσσεβής	1	4.89E-05
δυσμενής	1	4.89E-05
δυσκολία	1	4.89E-05
δυσάλωτος	1	4.89E-05
δρόμος	1	4.89E-05
δρασμός	1	4.89E-05
δράκων	1	4.89E-05
δουλεία	1	4.89E-05
δοῦλος	1	4.89E-05
δοτήρ	1	4.89E-05
δοσίθεος	1	4.89E-05
δοξόω	1	4.89E-05
δοξάζω	1	4.89E-05
δοκιμαστής	1	4.89E-05
δόσις	1	4.89E-05
δόρυ	1	4.89E-05
δόξασις	1	4.89E-05
δόκιμος	1	4.89E-05
διώκω	1	4.89E-05
διπλόος	1	4.89E-05
διορίζω	1	4.89E-05
διορθόω	1	4.89E-05
διόρθωσις	1	4.89E-05
δικαίωμα	1	4.89E-05
διερῶ	1	4.89E-05
διέπω	1	4.89E-05
διέξειμι	1	4.89E-05
διαφθορά	1	4.89E-05
διαφεύγω	1	4.89E-05
διατελής	1	4.89E-05
διασυρμός	1	4.89E-05
διασπείρω	1	4.89E-05
διασαφέω	1	4.89E-05
διαπαίζω	1	4.89E-05
διαμνημονεύω	1	4.89E-05
διαλλάσσω	1	4.89E-05
διαλέγω	1	4.89E-05
διαλανθάνω	1	4.89E-05
διακόσιοι	1	4.89E-05
διαιρέω	1	4.89E-05
διαίρω	1	4.89E-05
διαγόρης	1	4.89E-05
διαγιγνώσκω	1	4.89E-05
διαγίγνομαι	1	4.89E-05
διαβοάω	1	4.89E-05
διαβαδίζω	1	4.89E-05
διάπυρος	1	4.89E-05
διάνοια	1	4.89E-05
διάλυσις	1	4.89E-05
διάγω	1	4.89E-05
δῖος	1	4.89E-05
δῖον	1	4.89E-05
δίψος	1	4.89E-05
δίς	1	4.89E-05
δίκασις	1	4.89E-05
δίη	1	4.89E-05
δημιουργός	1	4.89E-05
δεσμωτήριον	1	4.89E-05
δελφοί	1	4.89E-05
δελφικός	1	4.89E-05
δεκαπέντε	1	4.89E-05
δεκάπηχυς	1	4.89E-05
δεισιδαιμονία	1	4.89E-05
δειλία	1	4.89E-05
δέμω	1	4.89E-05
δέλεαρ	1	4.89E-05
δέησις	1	4.89E-05
δασύνω	1	4.89E-05
δασμολογέω	1	4.89E-05
δαρτός	1	4.89E-05
δαρεῖος	1	4.89E-05
δαιμόνιον	1	4.89E-05
γυμνόω	1	4.89E-05
γυμνός	1	4.89E-05
γυμνάζω	1	4.89E-05
γύμνασμα	1	4.89E-05
γραμματεύς	1	4.89E-05
γράφος	1	4.89E-05
γνήσιος	1	4.89E-05
γηράσκω	1	4.89E-05
γενειάω	1	4.89E-05
γενεαλογία	1	4.89E-05
γειτονία	1	4.89E-05
γειτνιάω	1	4.89E-05
γαμετή	1	4.89E-05
γαλάται	1	4.89E-05
βωμολοχία	1	4.89E-05
βρῶσις	1	4.89E-05
βρῶμα	1	4.89E-05
βοῦς	1	4.89E-05
βοήθεια	1	4.89E-05
βόσκημα	1	4.89E-05
βλάσφημος	1	4.89E-05
βιοτεύω	1	4.89E-05
βεβαιόω	1	4.89E-05
βαστάζω	1	4.89E-05
βασίλισσα	1	4.89E-05
βαρύς	1	4.89E-05
βαθύς	1	4.89E-05
βάσις	1	4.89E-05
βάλλω	1	4.89E-05
αὐτουργός	1	4.89E-05
αὐτουργία	1	4.89E-05
αὐτόχθων	1	4.89E-05
αὐτόπτης	1	4.89E-05
αὐτόμολος	1	4.89E-05
αὐτόθεν	1	4.89E-05
αὐθιγενής	1	4.89E-05
αἰτιάομαι	1	4.89E-05
αἰσχύνη	1	4.89E-05
αἰκία	1	4.89E-05
αἰθιοπικός	1	4.89E-05
αἰθήρ	1	4.89E-05
αἰδοῖος	1	4.89E-05
αἰγυπτιστί	1	4.89E-05
αἴσθησις	1	4.89E-05
αἴθριος	1	4.89E-05
ἁρπαγή	1	4.89E-05
ἁπλόος	1	4.89E-05
ἁμαρτάνω	1	4.89E-05
ἁγνίζω	1	4.89E-05
ἁγνεύω	1	4.89E-05
ἅλις	1	4.89E-05
ἀφυής	1	4.89E-05
ἀφορολόγητος	1	4.89E-05
ἀφορμή	1	4.89E-05
ἀφοράω	1	4.89E-05
ἀφίζω	1	4.89E-05
ἀφηλιώτης	1	4.89E-05
ἀφηγέομαι	1	4.89E-05
ἀφειδής	1	4.89E-05
ἀττικός	1	4.89E-05
ἀτθίς	1	4.89E-05
ἀτάρ	1	4.89E-05
ἀσφαλίζομαι	1	4.89E-05
ἀσφάλεια	1	4.89E-05
ἀσύμφωνος	1	4.89E-05
ἀστρονομία	1	4.89E-05
ἀστείζομαι	1	4.89E-05
ἀσσύρια	1	4.89E-05
ἀσόφιστος	1	4.89E-05
ἀσεβέω	1	4.89E-05
ἀρχεῖον	1	4.89E-05
ἀρχέλαος	1	4.89E-05
ἀρρωστία	1	4.89E-05
ἀρρωστέω	1	4.89E-05
ἀρρώστημα	1	4.89E-05
ἀρνέομαι	1	4.89E-05
ἀρμένιον	1	4.89E-05
ἀρκάς	1	4.89E-05
ἀριστοφάνης	1	4.89E-05
ἀρίστεας	1	4.89E-05
ἀρέομαι	1	4.89E-05
ἀργολικός	1	4.89E-05
ἀργός	1	4.89E-05
ἀπώλεια	1	4.89E-05
ἀποτυμπανίζω	1	4.89E-05
ἀποτρόπαιος	1	4.89E-05
ἀποτολμάω	1	4.89E-05
ἀποσῴζω	1	4.89E-05
ἀποσφάζω	1	4.89E-05
ἀποσύρω	1	4.89E-05
ἀποστρέφω	1	4.89E-05
ἀποσταλάω	1	4.89E-05
ἀποσείω	1	4.89E-05
ἀποπληρόω	1	4.89E-05
ἀποπλέω	1	4.89E-05
ἀποπέμπω	1	4.89E-05
ἀπονέμω	1	4.89E-05
ἀπομερίζω	1	4.89E-05
ἀπολούω	1	4.89E-05
ἀπολαμβάνω	1	4.89E-05
ἀποικίζω	1	4.89E-05
ἀποικία	1	4.89E-05
ἀποδιδράσκω	1	4.89E-05
ἀποδημέω	1	4.89E-05
ἀπογιγνώσκω	1	4.89E-05
ἀποβλέπω	1	4.89E-05
ἀποβαίνω	1	4.89E-05
ἀπόστασις	1	4.89E-05
ἀπόρρητος	1	4.89E-05
ἀπόνοια	1	4.89E-05
ἀπόμνυμι	1	4.89E-05
ἀπόγονος	1	4.89E-05
ἀπιστία	1	4.89E-05
ἀπιθανότης	1	4.89E-05
ἀπελαύνω	1	4.89E-05
ἀπειθέω	1	4.89E-05
ἀπεῖδον	1	4.89E-05
ἀπείργω	1	4.89E-05
ἀπατάω	1	4.89E-05
ἀπαράβατος	1	4.89E-05
ἀπαίδευτος	1	4.89E-05
ἀπαγγελία	1	4.89E-05
ἀπάγω	1	4.89E-05
ἀξιόλογος	1	4.89E-05
ἀξίωμα	1	4.89E-05
ἀνωμαλία	1	4.89E-05
ἀντοχέομαι	1	4.89E-05
ἀντιπολεμέω	1	4.89E-05
ἀντιπνέω	1	4.89E-05
ἀντιπαράθεσις	1	4.89E-05
ἀντιόχειος	1	4.89E-05
ἀντιλογία	1	4.89E-05
ἀντιδωρέομαι	1	4.89E-05
ἀντιβλέπω	1	4.89E-05
ἀντίγραφος	1	4.89E-05
ἀντεῖπον	1	4.89E-05
ἀντέχω	1	4.89E-05
ἀνταγωνίζομαι	1	4.89E-05
ἀνομία	1	4.89E-05
ἀνοικίζω	1	4.89E-05
ἀνοίγνυμι	1	4.89E-05
ἀνθρωπογονία	1	4.89E-05
ἀνθίστημι	1	4.89E-05
ἀνέχω	1	4.89E-05
ἀνέδην	1	4.89E-05
ἀνδρόω	1	4.89E-05
ἀνδρίς	1	4.89E-05
ἀνδρέης	1	4.89E-05
ἀνδράποδον	1	4.89E-05
ἀναχωρέω	1	4.89E-05
ἀνατρέπω	1	4.89E-05
ἀνασπαστός	1	4.89E-05
ἀναρτάω	1	4.89E-05
ἀναπολόγητος	1	4.89E-05
ἀναπόσβεστος	1	4.89E-05
ἀναπλάσσω	1	4.89E-05
ἀναπαύω	1	4.89E-05
ἀναντίρρητος	1	4.89E-05
ἀναλλοίωτος	1	4.89E-05
ἀνακομίζω	1	4.89E-05
ἀνακήρυξις	1	4.89E-05
ἀνακαίω	1	4.89E-05
ἀναίρεσις	1	4.89E-05
ἀναζεύγνυμι	1	4.89E-05
ἀναγραφεύς	1	4.89E-05
ἀνάχαρσις	1	4.89E-05
ἀνάστημα	1	4.89E-05
ἀνάπλεος	1	4.89E-05
ἀνάλημμα	1	4.89E-05
ἀνάγνωσις	1	4.89E-05
ἀμετάθετος	1	4.89E-05
ἀμείβω	1	4.89E-05
ἀμβλίσκω	1	4.89E-05
ἀμαχεί	1	4.89E-05
ἀμαθία	1	4.89E-05
ἀλσώδης	1	4.89E-05
ἀλληγορία	1	4.89E-05
ἀλλαχόθεν	1	4.89E-05
ἀλίμενος	1	4.89E-05
ἀληθινός	1	4.89E-05
ἀληθεύω	1	4.89E-05
ἀκρώρεια	1	4.89E-05
ἀκροάομαι	1	4.89E-05
ἀκρόπολις	1	4.89E-05
ἀκρόασις	1	4.89E-05
ἀκολουθία	1	4.89E-05
ἀκοή	1	4.89E-05
ἀκήρυκτος	1	4.89E-05
ἀκάθαρτος	1	4.89E-05
ἀίδιος	1	4.89E-05
ἀθυμία	1	4.89E-05
ἀθροίζω	1	4.89E-05
ἀθέμιστος	1	4.89E-05
ἀθάνατος	1	4.89E-05
ἀδόκιμος	1	4.89E-05
ἀδεής	1	4.89E-05
ἀδακρυτί	1	4.89E-05
ἀγρίππας	1	4.89E-05
ἀγένητος	1	4.89E-05
ἀγένειος	1	4.89E-05
ἀγαπάω	1	4.89E-05
ἀβουλέω	1	4.89E-05
ἀβούλητος	1	4.89E-05
ἀβλαβής	1	4.89E-05
ἀβδηρίτης	1	4.89E-05
ἆθλος	1	4.89E-05
ἄχθομαι	1	4.89E-05
ἄφθονος	1	4.89E-05
ἄφετος	1	4.89E-05
ἄφατος	1	4.89E-05
ἄτολμος	1	4.89E-05
ἄτμητος	1	4.89E-05
ἄτιμος	1	4.89E-05
ἄτεχνος	1	4.89E-05
ἄταφος	1	4.89E-05
ἄτακτος	1	4.89E-05
ἄστρον	1	4.89E-05
ἄσημος	1	4.89E-05
ἄρχων	1	4.89E-05
ἄρνησις	1	4.89E-05
ἄργυρος	1	4.89E-05
ἄπρακτος	1	4.89E-05
ἄπορος	1	4.89E-05
ἄνευ	1	4.89E-05
ἄναγνος	1	4.89E-05
ἄμνηστος	1	4.89E-05
ἄμικτος	1	4.89E-05
ἄλλοτε	1	4.89E-05
ἄλλῃ	1	4.89E-05
ἄθεος	1	4.89E-05
ἄεισμα	1	4.89E-05
ἄδεια	1	4.89E-05
ἄγριος	1	4.89E-05
ἄγραφος	1	4.89E-05
ἄγαν	1	4.89E-05
ἄγαλμα	1	4.89E-05